x,y,value,group,label,facet,source,target,weight,lower,upper
hsa-let-7a-5p,15.171,15.171,TCGA-BRCA,hsa-let-7a-5p,Tumor,hsa-let-7a-5p,15.171,15.171,14.992967637128176,15.349032362871823
hsa-let-7a-5p,15.494,15.494,TCGA-BRCA,hsa-let-7a-5p,Tumor,hsa-let-7a-5p,15.494,15.494,15.315967637128177,15.672032362871823
hsa-let-7a-5p,15.453,15.453,TCGA-BRCA,hsa-let-7a-5p,Tumor,hsa-let-7a-5p,15.453,15.453,15.274967637128176,15.631032362871823
hsa-let-7a-5p,15.592,15.592,TCGA-BRCA,hsa-let-7a-5p,Tumor,hsa-let-7a-5p,15.592,15.592,15.413967637128177,15.770032362871824
hsa-let-7a-5p,15.967,15.967,TCGA-BRCA,hsa-let-7a-5p,Tumor,hsa-let-7a-5p,15.967,15.967,15.788967637128177,16.145032362871824
hsa-let-7a-5p,16.044,16.044,TCGA-BRCA,hsa-let-7a-5p,Tumor,hsa-let-7a-5p,16.044,16.044,15.865967637128177,16.222032362871825
hsa-let-7a-5p,16.06,16.06,TCGA-BRCA,hsa-let-7a-5p,Tumor,hsa-let-7a-5p,16.06,16.06,15.881967637128175,16.238032362871824
hsa-let-7a-5p,15.745,15.745,TCGA-BRCA,hsa-let-7a-5p,Tumor,hsa-let-7a-5p,15.745,15.745,15.566967637128176,15.923032362871822
hsa-let-7a-5p,14.881,14.881,TCGA-BRCA,hsa-let-7a-5p,Tumor,hsa-let-7a-5p,14.881,14.881,14.702967637128177,15.059032362871823
hsa-let-7a-5p,15.742,15.742,TCGA-BRCA,hsa-let-7a-5p,Tumor,hsa-let-7a-5p,15.742,15.742,15.563967637128178,15.920032362871824
hsa-let-7a-5p,14.896,14.896,TCGA-BRCA,hsa-let-7a-5p,Tumor,hsa-let-7a-5p,14.896,14.896,14.717967637128178,15.074032362871824
hsa-let-7a-5p,14.917,14.917,TCGA-BRCA,hsa-let-7a-5p,Tumor,hsa-let-7a-5p,14.917,14.917,14.738967637128177,15.095032362871823
hsa-let-7a-5p,14.497,14.497,TCGA-BRCA,hsa-let-7a-5p,Tumor,hsa-let-7a-5p,14.497,14.497,14.318967637128177,14.675032362871823
hsa-let-7a-5p,15.129,15.129,TCGA-BRCA,hsa-let-7a-5p,Tumor,hsa-let-7a-5p,15.129,15.129,14.950967637128176,15.307032362871823
hsa-let-7a-5p,14.856,14.856,TCGA-BRCA,hsa-let-7a-5p,Tumor,hsa-let-7a-5p,14.856,14.856,14.677967637128177,15.034032362871823
hsa-let-7a-5p,14.525,14.525,TCGA-BRCA,hsa-let-7a-5p,Tumor,hsa-let-7a-5p,14.525,14.525,14.346967637128177,14.703032362871824
hsa-let-7a-5p,13.694,13.694,TCGA-BRCA,hsa-let-7a-5p,Tumor,hsa-let-7a-5p,13.694,13.694,13.515967637128178,13.872032362871824
hsa-let-7a-5p,14.791,14.791,TCGA-BRCA,hsa-let-7a-5p,Tumor,hsa-let-7a-5p,14.791,14.791,14.612967637128177,14.969032362871824
hsa-let-7a-5p,14.67,14.67,TCGA-BRCA,hsa-let-7a-5p,Tumor,hsa-let-7a-5p,14.67,14.67,14.491967637128177,14.848032362871823
hsa-let-7a-5p,12.739,12.739,TCGA-BRCA,hsa-let-7a-5p,Tumor,hsa-let-7a-5p,12.739,12.739,12.560967637128178,12.917032362871824
hsa-let-7a-5p,13.88,13.88,TCGA-BRCA,hsa-let-7a-5p,Tumor,hsa-let-7a-5p,13.88,13.88,13.701967637128178,14.058032362871824
hsa-let-7a-5p,16.136,16.136,TCGA-BRCA,hsa-let-7a-5p,Tumor,hsa-let-7a-5p,16.136,16.136,15.957967637128176,16.314032362871824
hsa-let-7a-5p,14.333,14.333,TCGA-BRCA,hsa-let-7a-5p,Tumor,hsa-let-7a-5p,14.333,14.333,14.154967637128177,14.511032362871823
hsa-let-7a-5p,14.364,14.364,TCGA-BRCA,hsa-let-7a-5p,Tumor,hsa-let-7a-5p,14.364,14.364,14.185967637128178,14.542032362871824
hsa-let-7a-5p,13.16,13.16,TCGA-BRCA,hsa-let-7a-5p,Tumor,hsa-let-7a-5p,13.16,13.16,12.981967637128177,13.338032362871823
hsa-let-7a-5p,14.68,14.68,TCGA-BRCA,hsa-let-7a-5p,Tumor,hsa-let-7a-5p,14.68,14.68,14.501967637128176,14.858032362871823
hsa-let-7a-5p,14.139,14.139,TCGA-BRCA,hsa-let-7a-5p,Tumor,hsa-let-7a-5p,14.139,14.139,13.960967637128176,14.317032362871823
hsa-let-7a-5p,14.286,14.286,TCGA-BRCA,hsa-let-7a-5p,Tumor,hsa-let-7a-5p,14.286,14.286,14.107967637128176,14.464032362871823
hsa-let-7a-5p,15.298,15.298,TCGA-BRCA,hsa-let-7a-5p,Tumor,hsa-let-7a-5p,15.298,15.298,15.119967637128177,15.476032362871823
hsa-let-7a-5p,13.898,13.898,TCGA-BRCA,hsa-let-7a-5p,Tumor,hsa-let-7a-5p,13.898,13.898,13.719967637128176,14.076032362871823
hsa-let-7a-5p,14.744,14.744,TCGA-BRCA,hsa-let-7a-5p,Tumor,hsa-let-7a-5p,14.744,14.744,14.565967637128177,14.922032362871823
hsa-let-7a-5p,14.238,14.238,TCGA-BRCA,hsa-let-7a-5p,Tumor,hsa-let-7a-5p,14.238,14.238,14.059967637128176,14.416032362871823
hsa-let-7a-5p,15.696,15.696,TCGA-BRCA,hsa-let-7a-5p,Tumor,hsa-let-7a-5p,15.696,15.696,15.517967637128177,15.874032362871823
hsa-let-7a-5p,14.418,14.418,TCGA-BRCA,hsa-let-7a-5p,Tumor,hsa-let-7a-5p,14.418,14.418,14.239967637128176,14.596032362871822
hsa-let-7a-5p,13.534,13.534,TCGA-BRCA,hsa-let-7a-5p,Tumor,hsa-let-7a-5p,13.534,13.534,13.355967637128177,13.712032362871824
hsa-let-7a-5p,16.023,16.023,TCGA-BRCA,hsa-let-7a-5p,Tumor,hsa-let-7a-5p,16.023,16.023,15.844967637128176,16.201032362871825
hsa-let-7a-5p,14.965,14.965,TCGA-BRCA,hsa-let-7a-5p,Tumor,hsa-let-7a-5p,14.965,14.965,14.786967637128177,15.143032362871823
hsa-let-7a-5p,14.783,14.783,TCGA-BRCA,hsa-let-7a-5p,Tumor,hsa-let-7a-5p,14.783,14.783,14.604967637128176,14.961032362871823
hsa-let-7a-5p,14.719,14.719,TCGA-BRCA,hsa-let-7a-5p,Tumor,hsa-let-7a-5p,14.719,14.719,14.540967637128176,14.897032362871823
hsa-let-7a-5p,15.468,15.468,TCGA-BRCA,hsa-let-7a-5p,Tumor,hsa-let-7a-5p,15.468,15.468,15.289967637128177,15.646032362871823
hsa-let-7a-5p,14.766,14.766,TCGA-BRCA,hsa-let-7a-5p,Tumor,hsa-let-7a-5p,14.766,14.766,14.587967637128177,14.944032362871823
hsa-let-7a-5p,14.14,14.14,TCGA-BRCA,hsa-let-7a-5p,Tumor,hsa-let-7a-5p,14.14,14.14,13.961967637128177,14.318032362871824
hsa-let-7a-5p,15.585,15.585,TCGA-BRCA,hsa-let-7a-5p,Tumor,hsa-let-7a-5p,15.585,15.585,15.406967637128178,15.763032362871824
hsa-let-7a-5p,14.829,14.829,TCGA-BRCA,hsa-let-7a-5p,Tumor,hsa-let-7a-5p,14.829,14.829,14.650967637128177,15.007032362871824
hsa-let-7a-5p,14.212,14.212,TCGA-BRCA,hsa-let-7a-5p,Tumor,hsa-let-7a-5p,14.212,14.212,14.033967637128177,14.390032362871823
hsa-let-7a-5p,14.425,14.425,TCGA-BRCA,hsa-let-7a-5p,Tumor,hsa-let-7a-5p,14.425,14.425,14.246967637128177,14.603032362871824
hsa-let-7a-5p,13.671,13.671,TCGA-BRCA,hsa-let-7a-5p,Tumor,hsa-let-7a-5p,13.671,13.671,13.492967637128176,13.849032362871823
hsa-let-7a-5p,14.638,14.638,TCGA-BRCA,hsa-let-7a-5p,Tumor,hsa-let-7a-5p,14.638,14.638,14.459967637128177,14.816032362871823
hsa-let-7a-5p,13.079,13.079,TCGA-BRCA,hsa-let-7a-5p,Tumor,hsa-let-7a-5p,13.079,13.079,12.900967637128177,13.257032362871824
hsa-let-7a-5p,15.805,15.805,TCGA-BRCA,hsa-let-7a-5p,Tumor,hsa-let-7a-5p,15.805,15.805,15.626967637128176,15.983032362871823
hsa-let-7a-5p,14.516,14.516,TCGA-BRCA,hsa-let-7a-5p,Tumor,hsa-let-7a-5p,14.516,14.516,14.337967637128177,14.694032362871823
hsa-let-7a-5p,15.144,15.144,TCGA-BRCA,hsa-let-7a-5p,Tumor,hsa-let-7a-5p,15.144,15.144,14.965967637128177,15.322032362871823
hsa-let-7a-5p,14.648,14.648,TCGA-BRCA,hsa-let-7a-5p,Tumor,hsa-let-7a-5p,14.648,14.648,14.469967637128176,14.826032362871823
hsa-let-7a-5p,15.021,15.021,TCGA-BRCA,hsa-let-7a-5p,Tumor,hsa-let-7a-5p,15.021,15.021,14.842967637128178,15.199032362871824
hsa-let-7a-5p,14.958,14.958,TCGA-BRCA,hsa-let-7a-5p,Tumor,hsa-let-7a-5p,14.958,14.958,14.779967637128177,15.136032362871823
hsa-let-7a-5p,13.918,13.918,TCGA-BRCA,hsa-let-7a-5p,Tumor,hsa-let-7a-5p,13.918,13.918,13.739967637128176,14.096032362871822
hsa-let-7a-5p,15.542,15.542,TCGA-BRCA,hsa-let-7a-5p,Tumor,hsa-let-7a-5p,15.542,15.542,15.363967637128177,15.720032362871823
hsa-let-7a-5p,14.527,14.527,TCGA-BRCA,hsa-let-7a-5p,Tumor,hsa-let-7a-5p,14.527,14.527,14.348967637128176,14.705032362871822
hsa-let-7a-5p,15.219,15.219,TCGA-BRCA,hsa-let-7a-5p,Tumor,hsa-let-7a-5p,15.219,15.219,15.040967637128176,15.397032362871823
hsa-let-7a-5p,15.302,15.302,TCGA-BRCA,hsa-let-7a-5p,Tumor,hsa-let-7a-5p,15.302,15.302,15.123967637128176,15.480032362871823
hsa-let-7a-5p,14.674,14.674,TCGA-BRCA,hsa-let-7a-5p,Tumor,hsa-let-7a-5p,14.674,14.674,14.495967637128176,14.852032362871823
hsa-let-7a-5p,14.777,14.777,TCGA-BRCA,hsa-let-7a-5p,Tumor,hsa-let-7a-5p,14.777,14.777,14.598967637128176,14.955032362871822
hsa-let-7a-5p,14.583,14.583,TCGA-BRCA,hsa-let-7a-5p,Tumor,hsa-let-7a-5p,14.583,14.583,14.404967637128177,14.761032362871823
hsa-let-7a-5p,13.794,13.794,TCGA-BRCA,hsa-let-7a-5p,Tumor,hsa-let-7a-5p,13.794,13.794,13.615967637128177,13.972032362871824
hsa-let-7a-5p,13.483,13.483,TCGA-BRCA,hsa-let-7a-5p,Tumor,hsa-let-7a-5p,13.483,13.483,13.304967637128177,13.661032362871824
hsa-let-7a-5p,14.732,14.732,TCGA-BRCA,hsa-let-7a-5p,Tumor,hsa-let-7a-5p,14.732,14.732,14.553967637128176,14.910032362871823
hsa-let-7a-5p,13.989,13.989,TCGA-BRCA,hsa-let-7a-5p,Tumor,hsa-let-7a-5p,13.989,13.989,13.810967637128178,14.167032362871824
hsa-let-7a-5p,13.28,13.28,TCGA-BRCA,hsa-let-7a-5p,Tumor,hsa-let-7a-5p,13.28,13.28,13.101967637128176,13.458032362871823
hsa-let-7a-5p,13.487,13.487,TCGA-BRCA,hsa-let-7a-5p,Tumor,hsa-let-7a-5p,13.487,13.487,13.308967637128177,13.665032362871823
hsa-let-7a-5p,15.145,15.145,TCGA-BRCA,hsa-let-7a-5p,Tumor,hsa-let-7a-5p,15.145,15.145,14.966967637128176,15.323032362871823
hsa-let-7a-5p,13.827,13.827,TCGA-BRCA,hsa-let-7a-5p,Tumor,hsa-let-7a-5p,13.827,13.827,13.648967637128177,14.005032362871823
hsa-let-7a-5p,13.744,13.744,TCGA-BRCA,hsa-let-7a-5p,Tumor,hsa-let-7a-5p,13.744,13.744,13.565967637128177,13.922032362871823
hsa-let-7a-5p,13.334,13.334,TCGA-BRCA,hsa-let-7a-5p,Tumor,hsa-let-7a-5p,13.334,13.334,13.155967637128176,13.512032362871823
hsa-let-7a-5p,13.945,13.945,TCGA-BRCA,hsa-let-7a-5p,Tumor,hsa-let-7a-5p,13.945,13.945,13.766967637128177,14.123032362871824
hsa-let-7a-5p,14.881,14.881,TCGA-BRCA,hsa-let-7a-5p,Tumor,hsa-let-7a-5p,14.881,14.881,14.702967637128177,15.059032362871823
hsa-let-7a-5p,14.571,14.571,TCGA-BRCA,hsa-let-7a-5p,Tumor,hsa-let-7a-5p,14.571,14.571,14.392967637128177,14.749032362871823
hsa-let-7a-5p,14.979,14.979,TCGA-BRCA,hsa-let-7a-5p,Tumor,hsa-let-7a-5p,14.979,14.979,14.800967637128176,15.157032362871822
hsa-let-7a-5p,14.797,14.797,TCGA-BRCA,hsa-let-7a-5p,Tumor,hsa-let-7a-5p,14.797,14.797,14.618967637128177,14.975032362871824
hsa-let-7a-5p,14.922,14.922,TCGA-BRCA,hsa-let-7a-5p,Tumor,hsa-let-7a-5p,14.922,14.922,14.743967637128177,15.100032362871824
hsa-let-7a-5p,14.161,14.161,TCGA-BRCA,hsa-let-7a-5p,Tumor,hsa-let-7a-5p,14.161,14.161,13.982967637128176,14.339032362871823
hsa-let-7a-5p,13.385,13.385,TCGA-BRCA,hsa-let-7a-5p,Tumor,hsa-let-7a-5p,13.385,13.385,13.206967637128177,13.563032362871823
hsa-let-7a-5p,13.691,13.691,TCGA-BRCA,hsa-let-7a-5p,Tumor,hsa-let-7a-5p,13.691,13.691,13.512967637128178,13.869032362871824
hsa-let-7a-5p,13.1,13.1,TCGA-BRCA,hsa-let-7a-5p,Tumor,hsa-let-7a-5p,13.1,13.1,12.921967637128176,13.278032362871823
hsa-let-7a-5p,15.536,15.536,TCGA-BRCA,hsa-let-7a-5p,Tumor,hsa-let-7a-5p,15.536,15.536,15.357967637128176,15.714032362871823
hsa-let-7a-5p,14.433,14.433,TCGA-BRCA,hsa-let-7a-5p,Tumor,hsa-let-7a-5p,14.433,14.433,14.254967637128177,14.611032362871823
hsa-let-7a-5p,14.596,14.596,TCGA-BRCA,hsa-let-7a-5p,Tumor,hsa-let-7a-5p,14.596,14.596,14.417967637128177,14.774032362871823
hsa-let-7a-5p,12.831,12.831,TCGA-BRCA,hsa-let-7a-5p,Tumor,hsa-let-7a-5p,12.831,12.831,12.652967637128176,13.009032362871823
hsa-let-7a-5p,13.883,13.883,TCGA-BRCA,hsa-let-7a-5p,Tumor,hsa-let-7a-5p,13.883,13.883,13.704967637128176,14.061032362871822
hsa-let-7a-5p,17.363,17.363,TCGA-BRCA,hsa-let-7a-5p,Tumor,hsa-let-7a-5p,17.363,17.363,17.184967637128175,17.541032362871825
hsa-let-7a-5p,16.305,16.305,TCGA-BRCA,hsa-let-7a-5p,Tumor,hsa-let-7a-5p,16.305,16.305,16.126967637128175,16.483032362871825
hsa-let-7a-5p,15.652,15.652,TCGA-BRCA,hsa-let-7a-5p,Tumor,hsa-let-7a-5p,15.652,15.652,15.473967637128176,15.830032362871822
hsa-let-7a-5p,14.483,14.483,TCGA-BRCA,hsa-let-7a-5p,Tumor,hsa-let-7a-5p,14.483,14.483,14.304967637128177,14.661032362871824
hsa-let-7a-5p,17.023,17.023,TCGA-BRCA,hsa-let-7a-5p,Tumor,hsa-let-7a-5p,17.023,17.023,16.844967637128175,17.201032362871825
hsa-let-7a-5p,14.782,14.782,TCGA-BRCA,hsa-let-7a-5p,Tumor,hsa-let-7a-5p,14.782,14.782,14.603967637128177,14.960032362871823
hsa-let-7a-5p,15.263,15.263,TCGA-BRCA,hsa-let-7a-5p,Tumor,hsa-let-7a-5p,15.263,15.263,15.084967637128177,15.441032362871823
hsa-let-7a-5p,14.982,14.982,TCGA-BRCA,hsa-let-7a-5p,Tumor,hsa-let-7a-5p,14.982,14.982,14.803967637128176,15.160032362871823
hsa-let-7a-5p,14.498,14.498,TCGA-BRCA,hsa-let-7a-5p,Tumor,hsa-let-7a-5p,14.498,14.498,14.319967637128176,14.676032362871823
hsa-let-7a-5p,16.232,16.232,TCGA-BRCA,hsa-let-7a-5p,Tumor,hsa-let-7a-5p,16.232,16.232,16.053967637128174,16.410032362871824
hsa-let-7a-5p,13.989,13.989,TCGA-BRCA,hsa-let-7a-5p,Tumor,hsa-let-7a-5p,13.989,13.989,13.810967637128178,14.167032362871824
hsa-let-7a-5p,13.362,13.362,TCGA-BRCA,hsa-let-7a-5p,Tumor,hsa-let-7a-5p,13.362,13.362,13.183967637128177,13.540032362871823
hsa-let-7a-5p,15.112,15.112,TCGA-BRCA,hsa-let-7a-5p,Tumor,hsa-let-7a-5p,15.112,15.112,14.933967637128177,15.290032362871823
hsa-let-7a-5p,13.416,13.416,TCGA-BRCA,hsa-let-7a-5p,Tumor,hsa-let-7a-5p,13.416,13.416,13.237967637128177,13.594032362871824
hsa-let-7a-5p,13.01,13.01,TCGA-BRCA,hsa-let-7a-5p,Tumor,hsa-let-7a-5p,13.01,13.01,12.831967637128177,13.188032362871823
hsa-let-7a-5p,16.152,16.152,TCGA-BRCA,hsa-let-7a-5p,Tumor,hsa-let-7a-5p,16.152,16.152,15.973967637128178,16.330032362871826
hsa-let-7a-5p,16.126,16.126,TCGA-BRCA,hsa-let-7a-5p,Tumor,hsa-let-7a-5p,16.126,16.126,15.947967637128178,16.304032362871826
hsa-let-7a-5p,13.643,13.643,TCGA-BRCA,hsa-let-7a-5p,Tumor,hsa-let-7a-5p,13.643,13.643,13.464967637128177,13.821032362871824
hsa-let-7a-5p,13.572,13.572,TCGA-BRCA,hsa-let-7a-5p,Tumor,hsa-let-7a-5p,13.572,13.572,13.393967637128176,13.750032362871822
hsa-let-7a-5p,14.713,14.713,TCGA-BRCA,hsa-let-7a-5p,Tumor,hsa-let-7a-5p,14.713,14.713,14.534967637128176,14.891032362871822
hsa-let-7a-5p,15.051,15.051,TCGA-BRCA,hsa-let-7a-5p,Tumor,hsa-let-7a-5p,15.051,15.051,14.872967637128177,15.229032362871823
hsa-let-7a-5p,15.82,15.82,TCGA-BRCA,hsa-let-7a-5p,Tumor,hsa-let-7a-5p,15.82,15.82,15.641967637128177,15.998032362871824
hsa-let-7a-5p,13.828,13.828,TCGA-BRCA,hsa-let-7a-5p,Tumor,hsa-let-7a-5p,13.828,13.828,13.649967637128176,14.006032362871823
hsa-let-7a-5p,14.8,14.8,TCGA-BRCA,hsa-let-7a-5p,Tumor,hsa-let-7a-5p,14.8,14.8,14.621967637128177,14.978032362871824
hsa-let-7a-5p,14.252,14.252,TCGA-BRCA,hsa-let-7a-5p,Tumor,hsa-let-7a-5p,14.252,14.252,14.073967637128177,14.430032362871824
hsa-let-7a-5p,14.018,14.018,TCGA-BRCA,hsa-let-7a-5p,Tumor,hsa-let-7a-5p,14.018,14.018,13.839967637128177,14.196032362871824
hsa-let-7a-5p,14.523,14.523,TCGA-BRCA,hsa-let-7a-5p,Tumor,hsa-let-7a-5p,14.523,14.523,14.344967637128176,14.701032362871823
hsa-let-7a-5p,14.589,14.589,TCGA-BRCA,hsa-let-7a-5p,Tumor,hsa-let-7a-5p,14.589,14.589,14.410967637128177,14.767032362871824
hsa-let-7a-5p,16.033,16.033,TCGA-BRCA,hsa-let-7a-5p,Tumor,hsa-let-7a-5p,16.033,16.033,15.854967637128178,16.211032362871826
hsa-let-7a-5p,16.188,16.188,TCGA-BRCA,hsa-let-7a-5p,Tumor,hsa-let-7a-5p,16.188,16.188,16.009967637128174,16.366032362871824
hsa-let-7a-5p,14.95,14.95,TCGA-BRCA,hsa-let-7a-5p,Tumor,hsa-let-7a-5p,14.95,14.95,14.771967637128176,15.128032362871823
hsa-let-7a-5p,15.224,15.224,TCGA-BRCA,hsa-let-7a-5p,Tumor,hsa-let-7a-5p,15.224,15.224,15.045967637128177,15.402032362871823
hsa-let-7a-5p,13.615,13.615,TCGA-BRCA,hsa-let-7a-5p,Tumor,hsa-let-7a-5p,13.615,13.615,13.436967637128177,13.793032362871823
hsa-let-7a-5p,15.507,15.507,TCGA-BRCA,hsa-let-7a-5p,Tumor,hsa-let-7a-5p,15.507,15.507,15.328967637128176,15.685032362871823
hsa-let-7a-5p,14.731,14.731,TCGA-BRCA,hsa-let-7a-5p,Tumor,hsa-let-7a-5p,14.731,14.731,14.552967637128177,14.909032362871823
hsa-let-7a-5p,15.387,15.387,TCGA-BRCA,hsa-let-7a-5p,Normal,hsa-let-7a-5p,15.387,15.387,15.208967637128177,15.565032362871824
hsa-let-7a-5p,14.827,14.827,TCGA-BRCA,hsa-let-7a-5p,Tumor,hsa-let-7a-5p,14.827,14.827,14.648967637128177,15.005032362871823
hsa-let-7a-5p,15.304,15.304,TCGA-BRCA,hsa-let-7a-5p,Tumor,hsa-let-7a-5p,15.304,15.304,15.125967637128177,15.482032362871823
hsa-let-7a-5p,12.703,12.703,TCGA-BRCA,hsa-let-7a-5p,Tumor,hsa-let-7a-5p,12.703,12.703,12.524967637128176,12.881032362871823
hsa-let-7a-5p,13.951,13.951,TCGA-BRCA,hsa-let-7a-5p,Tumor,hsa-let-7a-5p,13.951,13.951,13.772967637128177,14.129032362871824
hsa-let-7a-5p,14.296,14.296,TCGA-BRCA,hsa-let-7a-5p,Normal,hsa-let-7a-5p,14.296,14.296,14.117967637128176,14.474032362871823
hsa-let-7a-5p,13.527,13.527,TCGA-BRCA,hsa-let-7a-5p,Tumor,hsa-let-7a-5p,13.527,13.527,13.348967637128176,13.705032362871822
hsa-let-7a-5p,14.801,14.801,TCGA-BRCA,hsa-let-7a-5p,Tumor,hsa-let-7a-5p,14.801,14.801,14.622967637128177,14.979032362871823
hsa-let-7a-5p,13.796,13.796,TCGA-BRCA,hsa-let-7a-5p,Normal,hsa-let-7a-5p,13.796,13.796,13.617967637128176,13.974032362871823
hsa-let-7a-5p,15.55,15.55,TCGA-BRCA,hsa-let-7a-5p,Tumor,hsa-let-7a-5p,15.55,15.55,15.371967637128177,15.728032362871824
hsa-let-7a-5p,14.489,14.489,TCGA-BRCA,hsa-let-7a-5p,Normal,hsa-let-7a-5p,14.489,14.489,14.310967637128178,14.667032362871824
hsa-let-7a-5p,14.319,14.319,TCGA-BRCA,hsa-let-7a-5p,Tumor,hsa-let-7a-5p,14.319,14.319,14.140967637128178,14.497032362871824
hsa-let-7a-5p,14.28,14.28,TCGA-BRCA,hsa-let-7a-5p,Tumor,hsa-let-7a-5p,14.28,14.28,14.101967637128176,14.458032362871823
hsa-let-7a-5p,15.113,15.113,TCGA-BRCA,hsa-let-7a-5p,Normal,hsa-let-7a-5p,15.113,15.113,14.934967637128176,15.291032362871823
hsa-let-7a-5p,15.736,15.736,TCGA-BRCA,hsa-let-7a-5p,Tumor,hsa-let-7a-5p,15.736,15.736,15.557967637128177,15.914032362871824
hsa-let-7a-5p,15.159,15.159,TCGA-BRCA,hsa-let-7a-5p,Normal,hsa-let-7a-5p,15.159,15.159,14.980967637128177,15.337032362871824
hsa-let-7a-5p,16.558,16.558,TCGA-BRCA,hsa-let-7a-5p,Tumor,hsa-let-7a-5p,16.558,16.558,16.379967637128175,16.736032362871825
hsa-let-7a-5p,13.705,13.705,TCGA-BRCA,hsa-let-7a-5p,Normal,hsa-let-7a-5p,13.705,13.705,13.526967637128177,13.883032362871823
hsa-let-7a-5p,15.184,15.184,TCGA-BRCA,hsa-let-7a-5p,Tumor,hsa-let-7a-5p,15.184,15.184,15.005967637128176,15.362032362871822
hsa-let-7a-5p,16.18,16.18,TCGA-BRCA,hsa-let-7a-5p,Tumor,hsa-let-7a-5p,16.18,16.18,16.001967637128175,16.358032362871825
hsa-let-7a-5p,14.127,14.127,TCGA-BRCA,hsa-let-7a-5p,Tumor,hsa-let-7a-5p,14.127,14.127,13.948967637128177,14.305032362871824
hsa-let-7a-5p,14.381,14.381,TCGA-BRCA,hsa-let-7a-5p,Tumor,hsa-let-7a-5p,14.381,14.381,14.202967637128177,14.559032362871823
hsa-let-7a-5p,15.55,15.55,TCGA-BRCA,hsa-let-7a-5p,Tumor,hsa-let-7a-5p,15.55,15.55,15.371967637128177,15.728032362871824
hsa-let-7a-5p,13.331,13.331,TCGA-BRCA,hsa-let-7a-5p,Tumor,hsa-let-7a-5p,13.331,13.331,13.152967637128176,13.509032362871823
hsa-let-7a-5p,15.077,15.077,TCGA-BRCA,hsa-let-7a-5p,Tumor,hsa-let-7a-5p,15.077,15.077,14.898967637128177,15.255032362871823
hsa-let-7a-5p,14.749,14.749,TCGA-BRCA,hsa-let-7a-5p,Tumor,hsa-let-7a-5p,14.749,14.749,14.570967637128177,14.927032362871824
hsa-let-7a-5p,14.12,14.12,TCGA-BRCA,hsa-let-7a-5p,Tumor,hsa-let-7a-5p,14.12,14.12,13.941967637128176,14.298032362871822
hsa-let-7a-5p,17.457,17.457,TCGA-BRCA,hsa-let-7a-5p,Tumor,hsa-let-7a-5p,17.457,17.457,17.278967637128176,17.635032362871826
hsa-let-7a-5p,16.383,16.383,TCGA-BRCA,hsa-let-7a-5p,Tumor,hsa-let-7a-5p,16.383,16.383,16.204967637128174,16.561032362871824
hsa-let-7a-5p,15.94,15.94,TCGA-BRCA,hsa-let-7a-5p,Tumor,hsa-let-7a-5p,15.94,15.94,15.761967637128176,16.118032362871823
hsa-let-7a-5p,16.053,16.053,TCGA-BRCA,hsa-let-7a-5p,Tumor,hsa-let-7a-5p,16.053,16.053,15.874967637128178,16.231032362871826
hsa-let-7a-5p,15.006,15.006,TCGA-BRCA,hsa-let-7a-5p,Tumor,hsa-let-7a-5p,15.006,15.006,14.827967637128177,15.184032362871823
hsa-let-7a-5p,15.223,15.223,TCGA-BRCA,hsa-let-7a-5p,Tumor,hsa-let-7a-5p,15.223,15.223,15.044967637128178,15.401032362871824
hsa-let-7a-5p,14.672,14.672,TCGA-BRCA,hsa-let-7a-5p,Tumor,hsa-let-7a-5p,14.672,14.672,14.493967637128177,14.850032362871824
hsa-let-7a-5p,16.349,16.349,TCGA-BRCA,hsa-let-7a-5p,Tumor,hsa-let-7a-5p,16.349,16.349,16.170967637128175,16.527032362871825
hsa-let-7a-5p,15.63,15.63,TCGA-BRCA,hsa-let-7a-5p,Tumor,hsa-let-7a-5p,15.63,15.63,15.451967637128178,15.808032362871824
hsa-let-7a-5p,14.101,14.101,TCGA-BRCA,hsa-let-7a-5p,Tumor,hsa-let-7a-5p,14.101,14.101,13.922967637128178,14.279032362871824
hsa-let-7a-5p,13.87,13.87,TCGA-BRCA,hsa-let-7a-5p,Tumor,hsa-let-7a-5p,13.87,13.87,13.691967637128176,14.048032362871822
hsa-let-7a-5p,14.273,14.273,TCGA-BRCA,hsa-let-7a-5p,Tumor,hsa-let-7a-5p,14.273,14.273,14.094967637128176,14.451032362871823
hsa-let-7a-5p,15.05,15.05,TCGA-BRCA,hsa-let-7a-5p,Tumor,hsa-let-7a-5p,15.05,15.05,14.871967637128177,15.228032362871824
hsa-let-7a-5p,13.664,13.664,TCGA-BRCA,hsa-let-7a-5p,Tumor,hsa-let-7a-5p,13.664,13.664,13.485967637128176,13.842032362871823
hsa-let-7a-5p,15.791,15.791,TCGA-BRCA,hsa-let-7a-5p,Tumor,hsa-let-7a-5p,15.791,15.791,15.612967637128177,15.969032362871824
hsa-let-7a-5p,16.407,16.407,TCGA-BRCA,hsa-let-7a-5p,Tumor,hsa-let-7a-5p,16.407,16.407,16.228967637128175,16.585032362871825
hsa-let-7a-5p,15.659,15.659,TCGA-BRCA,hsa-let-7a-5p,Tumor,hsa-let-7a-5p,15.659,15.659,15.480967637128177,15.837032362871824
hsa-let-7a-5p,14.022,14.022,TCGA-BRCA,hsa-let-7a-5p,Tumor,hsa-let-7a-5p,14.022,14.022,13.843967637128177,14.200032362871823
hsa-let-7a-5p,16.056,16.056,TCGA-BRCA,hsa-let-7a-5p,Tumor,hsa-let-7a-5p,16.056,16.056,15.877967637128178,16.234032362871826
hsa-let-7a-5p,15.177,15.177,TCGA-BRCA,hsa-let-7a-5p,Tumor,hsa-let-7a-5p,15.177,15.177,14.998967637128176,15.355032362871823
hsa-let-7a-5p,15.794,15.794,TCGA-BRCA,hsa-let-7a-5p,Tumor,hsa-let-7a-5p,15.794,15.794,15.615967637128177,15.972032362871824
hsa-let-7a-5p,13.901,13.901,TCGA-BRCA,hsa-let-7a-5p,Tumor,hsa-let-7a-5p,13.901,13.901,13.722967637128177,14.079032362871823
hsa-let-7a-5p,14.407,14.407,TCGA-BRCA,hsa-let-7a-5p,Tumor,hsa-let-7a-5p,14.407,14.407,14.228967637128177,14.585032362871823
hsa-let-7a-5p,14.962,14.962,TCGA-BRCA,hsa-let-7a-5p,Tumor,hsa-let-7a-5p,14.962,14.962,14.783967637128177,15.140032362871823
hsa-let-7a-5p,13.433,13.433,TCGA-BRCA,hsa-let-7a-5p,Tumor,hsa-let-7a-5p,13.433,13.433,13.254967637128177,13.611032362871823
hsa-let-7a-5p,13.861,13.861,TCGA-BRCA,hsa-let-7a-5p,Tumor,hsa-let-7a-5p,13.861,13.861,13.682967637128177,14.039032362871824
hsa-let-7a-5p,14.319,14.319,TCGA-BRCA,hsa-let-7a-5p,Tumor,hsa-let-7a-5p,14.319,14.319,14.140967637128178,14.497032362871824
hsa-let-7a-5p,14.493,14.493,TCGA-BRCA,hsa-let-7a-5p,Tumor,hsa-let-7a-5p,14.493,14.493,14.314967637128177,14.671032362871824
hsa-let-7a-5p,13.246,13.246,TCGA-BRCA,hsa-let-7a-5p,Tumor,hsa-let-7a-5p,13.246,13.246,13.067967637128177,13.424032362871824
hsa-let-7a-5p,13.346,13.346,TCGA-BRCA,hsa-let-7a-5p,Tumor,hsa-let-7a-5p,13.346,13.346,13.167967637128177,13.524032362871823
hsa-let-7a-5p,13.104,13.104,TCGA-BRCA,hsa-let-7a-5p,Tumor,hsa-let-7a-5p,13.104,13.104,12.925967637128176,13.282032362871822
hsa-let-7a-5p,14.429,14.429,TCGA-BRCA,hsa-let-7a-5p,Tumor,hsa-let-7a-5p,14.429,14.429,14.250967637128177,14.607032362871823
hsa-let-7a-5p,14.315,14.315,TCGA-BRCA,hsa-let-7a-5p,Tumor,hsa-let-7a-5p,14.315,14.315,14.136967637128176,14.493032362871823
hsa-let-7a-5p,14.389,14.389,TCGA-BRCA,hsa-let-7a-5p,Tumor,hsa-let-7a-5p,14.389,14.389,14.210967637128176,14.567032362871823
hsa-let-7a-5p,13.828,13.828,TCGA-BRCA,hsa-let-7a-5p,Tumor,hsa-let-7a-5p,13.828,13.828,13.649967637128176,14.006032362871823
hsa-let-7a-5p,14.231,14.231,TCGA-BRCA,hsa-let-7a-5p,Tumor,hsa-let-7a-5p,14.231,14.231,14.052967637128177,14.409032362871823
hsa-let-7a-5p,14.357,14.357,TCGA-BRCA,hsa-let-7a-5p,Tumor,hsa-let-7a-5p,14.357,14.357,14.178967637128176,14.535032362871823
hsa-let-7a-5p,14.052,14.052,TCGA-BRCA,hsa-let-7a-5p,Tumor,hsa-let-7a-5p,14.052,14.052,13.873967637128176,14.230032362871823
hsa-let-7a-5p,14.399,14.399,TCGA-BRCA,hsa-let-7a-5p,Tumor,hsa-let-7a-5p,14.399,14.399,14.220967637128176,14.577032362871822
hsa-let-7a-5p,13.375,13.375,TCGA-BRCA,hsa-let-7a-5p,Tumor,hsa-let-7a-5p,13.375,13.375,13.196967637128177,13.553032362871823
hsa-let-7a-5p,13.592,13.592,TCGA-BRCA,hsa-let-7a-5p,Tumor,hsa-let-7a-5p,13.592,13.592,13.413967637128177,13.770032362871824
hsa-let-7a-5p,14.207,14.207,TCGA-BRCA,hsa-let-7a-5p,Tumor,hsa-let-7a-5p,14.207,14.207,14.028967637128178,14.385032362871824
hsa-let-7a-5p,13.725,13.725,TCGA-BRCA,hsa-let-7a-5p,Tumor,hsa-let-7a-5p,13.725,13.725,13.546967637128176,13.903032362871823
hsa-let-7a-5p,15.231,15.231,TCGA-BRCA,hsa-let-7a-5p,Tumor,hsa-let-7a-5p,15.231,15.231,15.052967637128177,15.409032362871823
hsa-let-7a-5p,13.308,13.308,TCGA-BRCA,hsa-let-7a-5p,Tumor,hsa-let-7a-5p,13.308,13.308,13.129967637128177,13.486032362871823
hsa-let-7a-5p,13.854,13.854,TCGA-BRCA,hsa-let-7a-5p,Tumor,hsa-let-7a-5p,13.854,13.854,13.675967637128176,14.032032362871822
hsa-let-7a-5p,14.299,14.299,TCGA-BRCA,hsa-let-7a-5p,Tumor,hsa-let-7a-5p,14.299,14.299,14.120967637128176,14.477032362871823
hsa-let-7a-5p,12.896,12.896,TCGA-BRCA,hsa-let-7a-5p,Tumor,hsa-let-7a-5p,12.896,12.896,12.717967637128178,13.074032362871824
hsa-let-7a-5p,14.088,14.088,TCGA-BRCA,hsa-let-7a-5p,Tumor,hsa-let-7a-5p,14.088,14.088,13.909967637128176,14.266032362871822
hsa-let-7a-5p,14.436,14.436,TCGA-BRCA,hsa-let-7a-5p,Tumor,hsa-let-7a-5p,14.436,14.436,14.257967637128177,14.614032362871823
hsa-let-7a-5p,14.429,14.429,TCGA-BRCA,hsa-let-7a-5p,Tumor,hsa-let-7a-5p,14.429,14.429,14.250967637128177,14.607032362871823
hsa-let-7a-5p,14.062,14.062,TCGA-BRCA,hsa-let-7a-5p,Tumor,hsa-let-7a-5p,14.062,14.062,13.883967637128176,14.240032362871823
hsa-let-7a-5p,13.956,13.956,TCGA-BRCA,hsa-let-7a-5p,Tumor,hsa-let-7a-5p,13.956,13.956,13.777967637128176,14.134032362871823
hsa-let-7a-5p,14.894,14.894,TCGA-BRCA,hsa-let-7a-5p,Tumor,hsa-let-7a-5p,14.894,14.894,14.715967637128177,15.072032362871823
hsa-let-7a-5p,13.733,13.733,TCGA-BRCA,hsa-let-7a-5p,Tumor,hsa-let-7a-5p,13.733,13.733,13.554967637128177,13.911032362871824
hsa-let-7a-5p,14.988,14.988,TCGA-BRCA,hsa-let-7a-5p,Tumor,hsa-let-7a-5p,14.988,14.988,14.809967637128176,15.166032362871823
hsa-let-7a-5p,12.886,12.886,TCGA-BRCA,hsa-let-7a-5p,Tumor,hsa-let-7a-5p,12.886,12.886,12.707967637128176,13.064032362871822
hsa-let-7a-5p,13.876,13.876,TCGA-BRCA,hsa-let-7a-5p,Tumor,hsa-let-7a-5p,13.876,13.876,13.697967637128176,14.054032362871823
hsa-let-7a-5p,12.56,12.56,TCGA-BRCA,hsa-let-7a-5p,Tumor,hsa-let-7a-5p,12.56,12.56,12.381967637128177,12.738032362871824
hsa-let-7a-5p,14.429,14.429,TCGA-BRCA,hsa-let-7a-5p,Tumor,hsa-let-7a-5p,14.429,14.429,14.250967637128177,14.607032362871823
hsa-let-7a-5p,15.175,15.175,TCGA-BRCA,hsa-let-7a-5p,Tumor,hsa-let-7a-5p,15.175,15.175,14.996967637128177,15.353032362871824
hsa-let-7a-5p,13.909,13.909,TCGA-BRCA,hsa-let-7a-5p,Tumor,hsa-let-7a-5p,13.909,13.909,13.730967637128177,14.087032362871824
hsa-let-7a-5p,15.023,15.023,TCGA-BRCA,hsa-let-7a-5p,Tumor,hsa-let-7a-5p,15.023,15.023,14.844967637128176,15.201032362871823
hsa-let-7a-5p,14.798,14.798,TCGA-BRCA,hsa-let-7a-5p,Tumor,hsa-let-7a-5p,14.798,14.798,14.619967637128177,14.976032362871823
hsa-let-7a-5p,13.521,13.521,TCGA-BRCA,hsa-let-7a-5p,Tumor,hsa-let-7a-5p,13.521,13.521,13.342967637128178,13.699032362871824
hsa-let-7a-5p,14.081,14.081,TCGA-BRCA,hsa-let-7a-5p,Tumor,hsa-let-7a-5p,14.081,14.081,13.902967637128176,14.259032362871823
hsa-let-7a-5p,13.394,13.394,TCGA-BRCA,hsa-let-7a-5p,Tumor,hsa-let-7a-5p,13.394,13.394,13.215967637128177,13.572032362871823
hsa-let-7a-5p,15.017,15.017,TCGA-BRCA,hsa-let-7a-5p,Tumor,hsa-let-7a-5p,15.017,15.017,14.838967637128176,15.195032362871823
hsa-let-7a-5p,13.645,13.645,TCGA-BRCA,hsa-let-7a-5p,Tumor,hsa-let-7a-5p,13.645,13.645,13.466967637128176,13.823032362871823
hsa-let-7a-5p,15.241,15.241,TCGA-BRCA,hsa-let-7a-5p,Tumor,hsa-let-7a-5p,15.241,15.241,15.062967637128176,15.419032362871823
hsa-let-7a-5p,13.66,13.66,TCGA-BRCA,hsa-let-7a-5p,Tumor,hsa-let-7a-5p,13.66,13.66,13.481967637128177,13.838032362871823
hsa-let-7a-5p,14.598,14.598,TCGA-BRCA,hsa-let-7a-5p,Tumor,hsa-let-7a-5p,14.598,14.598,14.419967637128178,14.776032362871824
hsa-let-7a-5p,15.077,15.077,TCGA-BRCA,hsa-let-7a-5p,Tumor,hsa-let-7a-5p,15.077,15.077,14.898967637128177,15.255032362871823
hsa-let-7a-5p,14.294,14.294,TCGA-BRCA,hsa-let-7a-5p,Tumor,hsa-let-7a-5p,14.294,14.294,14.115967637128177,14.472032362871824
hsa-let-7a-5p,15.295,15.295,TCGA-BRCA,hsa-let-7a-5p,Tumor,hsa-let-7a-5p,15.295,15.295,15.116967637128177,15.473032362871823
hsa-let-7a-5p,14.093,14.093,TCGA-BRCA,hsa-let-7a-5p,Tumor,hsa-let-7a-5p,14.093,14.093,13.914967637128177,14.271032362871823
hsa-let-7a-5p,14.265,14.265,TCGA-BRCA,hsa-let-7a-5p,Tumor,hsa-let-7a-5p,14.265,14.265,14.086967637128177,14.443032362871824
hsa-let-7a-5p,14.397,14.397,TCGA-BRCA,hsa-let-7a-5p,Tumor,hsa-let-7a-5p,14.397,14.397,14.218967637128177,14.575032362871823
hsa-let-7a-5p,13.712,13.712,TCGA-BRCA,hsa-let-7a-5p,Tumor,hsa-let-7a-5p,13.712,13.712,13.533967637128177,13.890032362871823
hsa-let-7a-5p,14.82,14.82,TCGA-BRCA,hsa-let-7a-5p,Tumor,hsa-let-7a-5p,14.82,14.82,14.641967637128177,14.998032362871824
hsa-let-7a-5p,13.758,13.758,TCGA-BRCA,hsa-let-7a-5p,Tumor,hsa-let-7a-5p,13.758,13.758,13.579967637128176,13.936032362871822
hsa-let-7a-5p,14.304,14.304,TCGA-BRCA,hsa-let-7a-5p,Tumor,hsa-let-7a-5p,14.304,14.304,14.125967637128177,14.482032362871823
hsa-let-7a-5p,14.045,14.045,TCGA-BRCA,hsa-let-7a-5p,Tumor,hsa-let-7a-5p,14.045,14.045,13.866967637128177,14.223032362871823
hsa-let-7a-5p,13.457,13.457,TCGA-BRCA,hsa-let-7a-5p,Tumor,hsa-let-7a-5p,13.457,13.457,13.278967637128178,13.635032362871824
hsa-let-7a-5p,14.49,14.49,TCGA-BRCA,hsa-let-7a-5p,Tumor,hsa-let-7a-5p,14.49,14.49,14.311967637128177,14.668032362871823
hsa-let-7a-5p,14.172,14.172,TCGA-BRCA,hsa-let-7a-5p,Tumor,hsa-let-7a-5p,14.172,14.172,13.993967637128177,14.350032362871824
hsa-let-7a-5p,15.403,15.403,TCGA-BRCA,hsa-let-7a-5p,Tumor,hsa-let-7a-5p,15.403,15.403,15.224967637128177,15.581032362871824
hsa-let-7a-5p,14.337,14.337,TCGA-BRCA,hsa-let-7a-5p,Tumor,hsa-let-7a-5p,14.337,14.337,14.158967637128177,14.515032362871823
hsa-let-7a-5p,13.385,13.385,TCGA-BRCA,hsa-let-7a-5p,Tumor,hsa-let-7a-5p,13.385,13.385,13.206967637128177,13.563032362871823
hsa-let-7a-5p,14.514,14.514,TCGA-BRCA,hsa-let-7a-5p,Tumor,hsa-let-7a-5p,14.514,14.514,14.335967637128176,14.692032362871823
hsa-let-7a-5p,14.905,14.905,TCGA-BRCA,hsa-let-7a-5p,Tumor,hsa-let-7a-5p,14.905,14.905,14.726967637128176,15.083032362871823
hsa-let-7a-5p,14.386,14.386,TCGA-BRCA,hsa-let-7a-5p,Tumor,hsa-let-7a-5p,14.386,14.386,14.207967637128176,14.564032362871822
hsa-let-7a-5p,13.808,13.808,TCGA-BRCA,hsa-let-7a-5p,Tumor,hsa-let-7a-5p,13.808,13.808,13.629967637128177,13.986032362871823
hsa-let-7a-5p,15.578,15.578,TCGA-BRCA,hsa-let-7a-5p,Tumor,hsa-let-7a-5p,15.578,15.578,15.399967637128176,15.756032362871823
hsa-let-7a-5p,13.81,13.81,TCGA-BRCA,hsa-let-7a-5p,Tumor,hsa-let-7a-5p,13.81,13.81,13.631967637128177,13.988032362871824
hsa-let-7a-5p,15.189,15.189,TCGA-BRCA,hsa-let-7a-5p,Tumor,hsa-let-7a-5p,15.189,15.189,15.010967637128177,15.367032362871823
hsa-let-7a-5p,15.828,15.828,TCGA-BRCA,hsa-let-7a-5p,Tumor,hsa-let-7a-5p,15.828,15.828,15.649967637128176,16.006032362871824
hsa-let-7a-5p,15.67,15.67,TCGA-BRCA,hsa-let-7a-5p,Tumor,hsa-let-7a-5p,15.67,15.67,15.491967637128177,15.848032362871823
hsa-let-7a-5p,14.886,14.886,TCGA-BRCA,hsa-let-7a-5p,Tumor,hsa-let-7a-5p,14.886,14.886,14.707967637128176,15.064032362871822
hsa-let-7a-5p,14.585,14.585,TCGA-BRCA,hsa-let-7a-5p,Tumor,hsa-let-7a-5p,14.585,14.585,14.406967637128178,14.763032362871824
hsa-let-7a-5p,16.186,16.186,TCGA-BRCA,hsa-let-7a-5p,Tumor,hsa-let-7a-5p,16.186,16.186,16.007967637128175,16.364032362871825
hsa-let-7a-5p,14.221,14.221,TCGA-BRCA,hsa-let-7a-5p,Tumor,hsa-let-7a-5p,14.221,14.221,14.042967637128177,14.399032362871823
hsa-let-7a-5p,15.168,15.168,TCGA-BRCA,hsa-let-7a-5p,Normal,hsa-let-7a-5p,15.168,15.168,14.989967637128176,15.346032362871822
hsa-let-7a-5p,15.64,15.64,TCGA-BRCA,hsa-let-7a-5p,Tumor,hsa-let-7a-5p,15.64,15.64,15.461967637128177,15.818032362871824
hsa-let-7a-5p,14.493,14.493,TCGA-BRCA,hsa-let-7a-5p,Tumor,hsa-let-7a-5p,14.493,14.493,14.314967637128177,14.671032362871824
hsa-let-7a-5p,15.628,15.628,TCGA-BRCA,hsa-let-7a-5p,Tumor,hsa-let-7a-5p,15.628,15.628,15.449967637128177,15.806032362871823
hsa-let-7a-5p,16.042,16.042,TCGA-BRCA,hsa-let-7a-5p,Tumor,hsa-let-7a-5p,16.042,16.042,15.863967637128178,16.220032362871827
hsa-let-7a-5p,16.244,16.244,TCGA-BRCA,hsa-let-7a-5p,Normal,hsa-let-7a-5p,16.244,16.244,16.065967637128175,16.422032362871825
hsa-let-7a-5p,16.082,16.082,TCGA-BRCA,hsa-let-7a-5p,Tumor,hsa-let-7a-5p,16.082,16.082,15.903967637128178,16.260032362871826
hsa-let-7a-5p,15.929,15.929,TCGA-BRCA,hsa-let-7a-5p,Tumor,hsa-let-7a-5p,15.929,15.929,15.750967637128177,16.107032362871823
hsa-let-7a-5p,16.112,16.112,TCGA-BRCA,hsa-let-7a-5p,Tumor,hsa-let-7a-5p,16.112,16.112,15.933967637128175,16.290032362871823
hsa-let-7a-5p,15.783,15.783,TCGA-BRCA,hsa-let-7a-5p,Tumor,hsa-let-7a-5p,15.783,15.783,15.604967637128176,15.961032362871823
hsa-let-7a-5p,16.758,16.758,TCGA-BRCA,hsa-let-7a-5p,Tumor,hsa-let-7a-5p,16.758,16.758,16.579967637128174,16.936032362871824
hsa-let-7a-5p,14.924,14.924,TCGA-BRCA,hsa-let-7a-5p,Normal,hsa-let-7a-5p,14.924,14.924,14.745967637128176,15.102032362871823
hsa-let-7a-5p,15.794,15.794,TCGA-BRCA,hsa-let-7a-5p,Tumor,hsa-let-7a-5p,15.794,15.794,15.615967637128177,15.972032362871824
hsa-let-7a-5p,15.451,15.451,TCGA-BRCA,hsa-let-7a-5p,Tumor,hsa-let-7a-5p,15.451,15.451,15.272967637128177,15.629032362871824
hsa-let-7a-5p,17.531,17.531,TCGA-BRCA,hsa-let-7a-5p,Tumor,hsa-let-7a-5p,17.531,17.531,17.352967637128174,17.709032362871824
hsa-let-7a-5p,14.533,14.533,TCGA-BRCA,hsa-let-7a-5p,Tumor,hsa-let-7a-5p,14.533,14.533,14.354967637128176,14.711032362871823
hsa-let-7a-5p,16.055,16.055,TCGA-BRCA,hsa-let-7a-5p,Tumor,hsa-let-7a-5p,16.055,16.055,15.876967637128176,16.233032362871825
hsa-let-7a-5p,13.976,13.976,TCGA-BRCA,hsa-let-7a-5p,Tumor,hsa-let-7a-5p,13.976,13.976,13.797967637128178,14.154032362871824
hsa-let-7a-5p,16.091,16.091,TCGA-BRCA,hsa-let-7a-5p,Tumor,hsa-let-7a-5p,16.091,16.091,15.912967637128178,16.269032362871826
hsa-let-7a-5p,14.852,14.852,TCGA-BRCA,hsa-let-7a-5p,Tumor,hsa-let-7a-5p,14.852,14.852,14.673967637128177,15.030032362871824
hsa-let-7a-5p,15.106,15.106,TCGA-BRCA,hsa-let-7a-5p,Tumor,hsa-let-7a-5p,15.106,15.106,14.927967637128177,15.284032362871823
hsa-let-7a-5p,15.109,15.109,TCGA-BRCA,hsa-let-7a-5p,Tumor,hsa-let-7a-5p,15.109,15.109,14.930967637128177,15.287032362871823
hsa-let-7a-5p,15.913,15.913,TCGA-BRCA,hsa-let-7a-5p,Tumor,hsa-let-7a-5p,15.913,15.913,15.734967637128177,16.091032362871825
hsa-let-7a-5p,15.296,15.296,TCGA-BRCA,hsa-let-7a-5p,Tumor,hsa-let-7a-5p,15.296,15.296,15.117967637128176,15.474032362871823
hsa-let-7a-5p,13.935,13.935,TCGA-BRCA,hsa-let-7a-5p,Tumor,hsa-let-7a-5p,13.935,13.935,13.756967637128177,14.113032362871824
hsa-let-7a-5p,15.576,15.576,TCGA-BRCA,hsa-let-7a-5p,Tumor,hsa-let-7a-5p,15.576,15.576,15.397967637128177,15.754032362871824
hsa-let-7a-5p,14.766,14.766,TCGA-BRCA,hsa-let-7a-5p,Tumor,hsa-let-7a-5p,14.766,14.766,14.587967637128177,14.944032362871823
hsa-let-7a-5p,15.491,15.491,TCGA-BRCA,hsa-let-7a-5p,Tumor,hsa-let-7a-5p,15.491,15.491,15.312967637128176,15.669032362871823
hsa-let-7a-5p,16.017,16.017,TCGA-BRCA,hsa-let-7a-5p,Tumor,hsa-let-7a-5p,16.017,16.017,15.838967637128176,16.195032362871824
hsa-let-7a-5p,17.36,17.36,TCGA-BRCA,hsa-let-7a-5p,Tumor,hsa-let-7a-5p,17.36,17.36,17.181967637128174,17.538032362871824
hsa-let-7a-5p,14.422,14.422,TCGA-BRCA,hsa-let-7a-5p,Tumor,hsa-let-7a-5p,14.422,14.422,14.243967637128177,14.600032362871824
hsa-let-7a-5p,14.813,14.813,TCGA-BRCA,hsa-let-7a-5p,Tumor,hsa-let-7a-5p,14.813,14.813,14.634967637128177,14.991032362871824
hsa-let-7a-5p,15.051,15.051,TCGA-BRCA,hsa-let-7a-5p,Tumor,hsa-let-7a-5p,15.051,15.051,14.872967637128177,15.229032362871823
hsa-let-7a-5p,14.886,14.886,TCGA-BRCA,hsa-let-7a-5p,Tumor,hsa-let-7a-5p,14.886,14.886,14.707967637128176,15.064032362871822
hsa-let-7a-5p,15.03,15.03,TCGA-BRCA,hsa-let-7a-5p,Tumor,hsa-let-7a-5p,15.03,15.03,14.851967637128176,15.208032362871823
hsa-let-7a-5p,15.086,15.086,TCGA-BRCA,hsa-let-7a-5p,Tumor,hsa-let-7a-5p,15.086,15.086,14.907967637128177,15.264032362871824
hsa-let-7a-5p,14.746,14.746,TCGA-BRCA,hsa-let-7a-5p,Tumor,hsa-let-7a-5p,14.746,14.746,14.567967637128177,14.924032362871824
hsa-let-7a-5p,15.969,15.969,TCGA-BRCA,hsa-let-7a-5p,Tumor,hsa-let-7a-5p,15.969,15.969,15.790967637128176,16.147032362871823
hsa-let-7a-5p,14.489,14.489,TCGA-BRCA,hsa-let-7a-5p,Tumor,hsa-let-7a-5p,14.489,14.489,14.310967637128178,14.667032362871824
hsa-let-7a-5p,15.688,15.688,TCGA-BRCA,hsa-let-7a-5p,Tumor,hsa-let-7a-5p,15.688,15.688,15.509967637128177,15.866032362871824
hsa-let-7a-5p,15.931,15.931,TCGA-BRCA,hsa-let-7a-5p,Tumor,hsa-let-7a-5p,15.931,15.931,15.752967637128176,16.109032362871822
hsa-let-7a-5p,14.323,14.323,TCGA-BRCA,hsa-let-7a-5p,Tumor,hsa-let-7a-5p,14.323,14.323,14.144967637128177,14.501032362871824
hsa-let-7a-5p,13.889,13.889,TCGA-BRCA,hsa-let-7a-5p,Tumor,hsa-let-7a-5p,13.889,13.889,13.710967637128176,14.067032362871823
hsa-let-7a-5p,15.388,15.388,TCGA-BRCA,hsa-let-7a-5p,Tumor,hsa-let-7a-5p,15.388,15.388,15.209967637128177,15.566032362871823
hsa-let-7a-5p,14.356,14.356,TCGA-BRCA,hsa-let-7a-5p,Tumor,hsa-let-7a-5p,14.356,14.356,14.177967637128177,14.534032362871823
hsa-let-7a-5p,15.842,15.842,TCGA-BRCA,hsa-let-7a-5p,Tumor,hsa-let-7a-5p,15.842,15.842,15.663967637128177,16.020032362871824
hsa-let-7a-5p,15.895,15.895,TCGA-BRCA,hsa-let-7a-5p,Tumor,hsa-let-7a-5p,15.895,15.895,15.716967637128176,16.073032362871825
hsa-let-7a-5p,14.691,14.691,TCGA-BRCA,hsa-let-7a-5p,Tumor,hsa-let-7a-5p,14.691,14.691,14.512967637128178,14.869032362871824
hsa-let-7a-5p,15.078,15.078,TCGA-BRCA,hsa-let-7a-5p,Tumor,hsa-let-7a-5p,15.078,15.078,14.899967637128176,15.256032362871823
hsa-let-7a-5p,14.681,14.681,TCGA-BRCA,hsa-let-7a-5p,Tumor,hsa-let-7a-5p,14.681,14.681,14.502967637128176,14.859032362871822
hsa-let-7a-5p,15.08,15.08,TCGA-BRCA,hsa-let-7a-5p,Tumor,hsa-let-7a-5p,15.08,15.08,14.901967637128177,15.258032362871823
hsa-let-7a-5p,12.44,12.44,TCGA-BRCA,hsa-let-7a-5p,Tumor,hsa-let-7a-5p,12.44,12.44,12.261967637128176,12.618032362871823
hsa-let-7a-5p,14.199,14.199,TCGA-BRCA,hsa-let-7a-5p,Tumor,hsa-let-7a-5p,14.199,14.199,14.020967637128177,14.377032362871823
hsa-let-7a-5p,13.348,13.348,TCGA-BRCA,hsa-let-7a-5p,Tumor,hsa-let-7a-5p,13.348,13.348,13.169967637128178,13.526032362871824
hsa-let-7a-5p,14.161,14.161,TCGA-BRCA,hsa-let-7a-5p,Tumor,hsa-let-7a-5p,14.161,14.161,13.982967637128176,14.339032362871823
hsa-let-7a-5p,13.562,13.562,TCGA-BRCA,hsa-let-7a-5p,Tumor,hsa-let-7a-5p,13.562,13.562,13.383967637128176,13.740032362871823
hsa-let-7a-5p,13.757,13.757,TCGA-BRCA,hsa-let-7a-5p,Tumor,hsa-let-7a-5p,13.757,13.757,13.578967637128176,13.935032362871823
hsa-let-7a-5p,13.591,13.591,TCGA-BRCA,hsa-let-7a-5p,Tumor,hsa-let-7a-5p,13.591,13.591,13.412967637128176,13.769032362871823
hsa-let-7a-5p,13.216,13.216,TCGA-BRCA,hsa-let-7a-5p,Tumor,hsa-let-7a-5p,13.216,13.216,13.037967637128176,13.394032362871823
hsa-let-7a-5p,13.334,13.334,TCGA-BRCA,hsa-let-7a-5p,Tumor,hsa-let-7a-5p,13.334,13.334,13.155967637128176,13.512032362871823
hsa-let-7a-5p,14.257,14.257,TCGA-BRCA,hsa-let-7a-5p,Tumor,hsa-let-7a-5p,14.257,14.257,14.078967637128176,14.435032362871823
hsa-let-7a-5p,14.553,14.553,TCGA-BRCA,hsa-let-7a-5p,Tumor,hsa-let-7a-5p,14.553,14.553,14.374967637128178,14.731032362871824
hsa-let-7a-5p,14.713,14.713,TCGA-BRCA,hsa-let-7a-5p,Tumor,hsa-let-7a-5p,14.713,14.713,14.534967637128176,14.891032362871822
hsa-let-7a-5p,14.477,14.477,TCGA-BRCA,hsa-let-7a-5p,Tumor,hsa-let-7a-5p,14.477,14.477,14.298967637128177,14.655032362871824
hsa-let-7a-5p,13.075,13.075,TCGA-BRCA,hsa-let-7a-5p,Tumor,hsa-let-7a-5p,13.075,13.075,12.896967637128176,13.253032362871823
hsa-let-7a-5p,14.651,14.651,TCGA-BRCA,hsa-let-7a-5p,Tumor,hsa-let-7a-5p,14.651,14.651,14.472967637128177,14.829032362871823
hsa-let-7a-5p,14.479,14.479,TCGA-BRCA,hsa-let-7a-5p,Tumor,hsa-let-7a-5p,14.479,14.479,14.300967637128176,14.657032362871822
hsa-let-7a-5p,14.623,14.623,TCGA-BRCA,hsa-let-7a-5p,Tumor,hsa-let-7a-5p,14.623,14.623,14.444967637128176,14.801032362871823
hsa-let-7a-5p,15.552,15.552,TCGA-BRCA,hsa-let-7a-5p,Tumor,hsa-let-7a-5p,15.552,15.552,15.373967637128176,15.730032362871823
hsa-let-7a-5p,12.9,12.9,TCGA-BRCA,hsa-let-7a-5p,Tumor,hsa-let-7a-5p,12.9,12.9,12.721967637128177,13.078032362871824
hsa-let-7a-5p,13.846,13.846,TCGA-BRCA,hsa-let-7a-5p,Tumor,hsa-let-7a-5p,13.846,13.846,13.667967637128177,14.024032362871823
hsa-let-7a-5p,14.509,14.509,TCGA-BRCA,hsa-let-7a-5p,Tumor,hsa-let-7a-5p,14.509,14.509,14.330967637128177,14.687032362871824
hsa-let-7a-5p,14.06,14.06,TCGA-BRCA,hsa-let-7a-5p,Tumor,hsa-let-7a-5p,14.06,14.06,13.881967637128177,14.238032362871824
hsa-let-7a-5p,14.217,14.217,TCGA-BRCA,hsa-let-7a-5p,Tumor,hsa-let-7a-5p,14.217,14.217,14.038967637128177,14.395032362871824
hsa-let-7a-5p,14.186,14.186,TCGA-BRCA,hsa-let-7a-5p,Tumor,hsa-let-7a-5p,14.186,14.186,14.007967637128177,14.364032362871823
hsa-let-7a-5p,13.425,13.425,TCGA-BRCA,hsa-let-7a-5p,Tumor,hsa-let-7a-5p,13.425,13.425,13.246967637128177,13.603032362871824
hsa-let-7a-5p,14.768,14.768,TCGA-BRCA,hsa-let-7a-5p,Tumor,hsa-let-7a-5p,14.768,14.768,14.589967637128177,14.946032362871824
hsa-let-7a-5p,13.338,13.338,TCGA-BRCA,hsa-let-7a-5p,Tumor,hsa-let-7a-5p,13.338,13.338,13.159967637128176,13.516032362871822
hsa-let-7a-5p,14.154,14.154,TCGA-BRCA,hsa-let-7a-5p,Tumor,hsa-let-7a-5p,14.154,14.154,13.975967637128177,14.332032362871823
hsa-let-7a-5p,14.307,14.307,TCGA-BRCA,hsa-let-7a-5p,Tumor,hsa-let-7a-5p,14.307,14.307,14.128967637128177,14.485032362871824
hsa-let-7a-5p,14.142,14.142,TCGA-BRCA,hsa-let-7a-5p,Tumor,hsa-let-7a-5p,14.142,14.142,13.963967637128176,14.320032362871823
hsa-let-7a-5p,14.427,14.427,TCGA-BRCA,hsa-let-7a-5p,Tumor,hsa-let-7a-5p,14.427,14.427,14.248967637128176,14.605032362871823
hsa-let-7a-5p,14.912,14.912,TCGA-BRCA,hsa-let-7a-5p,Tumor,hsa-let-7a-5p,14.912,14.912,14.733967637128178,15.090032362871824
hsa-let-7a-5p,13.373,13.373,TCGA-BRCA,hsa-let-7a-5p,Tumor,hsa-let-7a-5p,13.373,13.373,13.194967637128176,13.551032362871823
hsa-let-7a-5p,14.363,14.363,TCGA-BRCA,hsa-let-7a-5p,Tumor,hsa-let-7a-5p,14.363,14.363,14.184967637128176,14.541032362871823
hsa-let-7a-5p,14.144,14.144,TCGA-BRCA,hsa-let-7a-5p,Tumor,hsa-let-7a-5p,14.144,14.144,13.965967637128177,14.322032362871823
hsa-let-7a-5p,13.393,13.393,TCGA-BRCA,hsa-let-7a-5p,Tumor,hsa-let-7a-5p,13.393,13.393,13.214967637128177,13.571032362871824
hsa-let-7a-5p,14.559,14.559,TCGA-BRCA,hsa-let-7a-5p,Tumor,hsa-let-7a-5p,14.559,14.559,14.380967637128176,14.737032362871822
hsa-let-7a-5p,14.849,14.849,TCGA-BRCA,hsa-let-7a-5p,Tumor,hsa-let-7a-5p,14.849,14.849,14.670967637128177,15.027032362871823
hsa-let-7a-5p,13.747,13.747,TCGA-BRCA,hsa-let-7a-5p,Tumor,hsa-let-7a-5p,13.747,13.747,13.568967637128177,13.925032362871823
hsa-let-7a-5p,15.654,15.654,TCGA-BRCA,hsa-let-7a-5p,Tumor,hsa-let-7a-5p,15.654,15.654,15.475967637128177,15.832032362871823
hsa-let-7a-5p,14.153,14.153,TCGA-BRCA,hsa-let-7a-5p,Tumor,hsa-let-7a-5p,14.153,14.153,13.974967637128177,14.331032362871824
hsa-let-7a-5p,15.9,15.9,TCGA-BRCA,hsa-let-7a-5p,Tumor,hsa-let-7a-5p,15.9,15.9,15.721967637128177,16.078032362871824
hsa-let-7a-5p,15.638,15.638,TCGA-BRCA,hsa-let-7a-5p,Tumor,hsa-let-7a-5p,15.638,15.638,15.459967637128177,15.816032362871823
hsa-let-7a-5p,14.053,14.053,TCGA-BRCA,hsa-let-7a-5p,Tumor,hsa-let-7a-5p,14.053,14.053,13.874967637128178,14.231032362871824
hsa-let-7a-5p,13.769,13.769,TCGA-BRCA,hsa-let-7a-5p,Tumor,hsa-let-7a-5p,13.769,13.769,13.590967637128177,13.947032362871823
hsa-let-7a-5p,14.111,14.111,TCGA-BRCA,hsa-let-7a-5p,Tumor,hsa-let-7a-5p,14.111,14.111,13.932967637128177,14.289032362871824
hsa-let-7a-5p,15.334,15.334,TCGA-BRCA,hsa-let-7a-5p,Tumor,hsa-let-7a-5p,15.334,15.334,15.155967637128176,15.512032362871823
hsa-let-7a-5p,12.906,12.906,TCGA-BRCA,hsa-let-7a-5p,Tumor,hsa-let-7a-5p,12.906,12.906,12.727967637128177,13.084032362871824
hsa-let-7a-5p,12.673,12.673,TCGA-BRCA,hsa-let-7a-5p,Tumor,hsa-let-7a-5p,12.673,12.673,12.494967637128177,12.851032362871823
hsa-let-7a-5p,14.7,14.7,TCGA-BRCA,hsa-let-7a-5p,Tumor,hsa-let-7a-5p,14.7,14.7,14.521967637128176,14.878032362871823
hsa-let-7a-5p,14.535,14.535,TCGA-BRCA,hsa-let-7a-5p,Tumor,hsa-let-7a-5p,14.535,14.535,14.356967637128177,14.713032362871823
hsa-let-7a-5p,14.562,14.562,TCGA-BRCA,hsa-let-7a-5p,Tumor,hsa-let-7a-5p,14.562,14.562,14.383967637128176,14.740032362871823
hsa-let-7a-5p,14.228,14.228,TCGA-BRCA,hsa-let-7a-5p,Tumor,hsa-let-7a-5p,14.228,14.228,14.049967637128177,14.406032362871823
hsa-let-7a-5p,14.693,14.693,TCGA-BRCA,hsa-let-7a-5p,Tumor,hsa-let-7a-5p,14.693,14.693,14.514967637128176,14.871032362871823
hsa-let-7a-5p,14.08,14.08,TCGA-BRCA,hsa-let-7a-5p,Tumor,hsa-let-7a-5p,14.08,14.08,13.901967637128177,14.258032362871823
hsa-let-7a-5p,14.116,14.116,TCGA-BRCA,hsa-let-7a-5p,Tumor,hsa-let-7a-5p,14.116,14.116,13.937967637128176,14.294032362871823
hsa-let-7a-5p,14.651,14.651,TCGA-BRCA,hsa-let-7a-5p,Tumor,hsa-let-7a-5p,14.651,14.651,14.472967637128177,14.829032362871823
hsa-let-7a-5p,14.865,14.865,TCGA-BRCA,hsa-let-7a-5p,Tumor,hsa-let-7a-5p,14.865,14.865,14.686967637128177,15.043032362871823
hsa-let-7a-5p,16.192,16.192,TCGA-BRCA,hsa-let-7a-5p,Tumor,hsa-let-7a-5p,16.192,16.192,16.013967637128175,16.370032362871825
hsa-let-7a-5p,15.87,15.87,TCGA-BRCA,hsa-let-7a-5p,Tumor,hsa-let-7a-5p,15.87,15.87,15.691967637128176,16.048032362871822
hsa-let-7a-5p,13.755,13.755,TCGA-BRCA,hsa-let-7a-5p,Tumor,hsa-let-7a-5p,13.755,13.755,13.576967637128178,13.933032362871824
hsa-let-7a-5p,13.716,13.716,TCGA-BRCA,hsa-let-7a-5p,Tumor,hsa-let-7a-5p,13.716,13.716,13.537967637128176,13.894032362871823
hsa-let-7a-5p,13.836,13.836,TCGA-BRCA,hsa-let-7a-5p,Tumor,hsa-let-7a-5p,13.836,13.836,13.657967637128177,14.014032362871824
hsa-let-7a-5p,16.107,16.107,TCGA-BRCA,hsa-let-7a-5p,Tumor,hsa-let-7a-5p,16.107,16.107,15.928967637128176,16.285032362871824
hsa-let-7a-5p,16.336,16.336,TCGA-BRCA,hsa-let-7a-5p,Tumor,hsa-let-7a-5p,16.336,16.336,16.157967637128174,16.514032362871824
hsa-let-7a-5p,15.965,15.965,TCGA-BRCA,hsa-let-7a-5p,Tumor,hsa-let-7a-5p,15.965,15.965,15.786967637128177,16.143032362871825
hsa-let-7a-5p,14.483,14.483,TCGA-BRCA,hsa-let-7a-5p,Tumor,hsa-let-7a-5p,14.483,14.483,14.304967637128177,14.661032362871824
hsa-let-7a-5p,14.477,14.477,TCGA-BRCA,hsa-let-7a-5p,Tumor,hsa-let-7a-5p,14.477,14.477,14.298967637128177,14.655032362871824
hsa-let-7a-5p,16.417,16.417,TCGA-BRCA,hsa-let-7a-5p,Tumor,hsa-let-7a-5p,16.417,16.417,16.238967637128177,16.595032362871827
hsa-let-7a-5p,15.477,15.477,TCGA-BRCA,hsa-let-7a-5p,Tumor,hsa-let-7a-5p,15.477,15.477,15.298967637128177,15.655032362871824
hsa-let-7a-5p,14.238,14.238,TCGA-BRCA,hsa-let-7a-5p,Tumor,hsa-let-7a-5p,14.238,14.238,14.059967637128176,14.416032362871823
hsa-let-7a-5p,15.198,15.198,TCGA-BRCA,hsa-let-7a-5p,Tumor,hsa-let-7a-5p,15.198,15.198,15.019967637128177,15.376032362871824
hsa-let-7a-5p,14.282,14.282,TCGA-BRCA,hsa-let-7a-5p,Tumor,hsa-let-7a-5p,14.282,14.282,14.103967637128177,14.460032362871823
hsa-let-7a-5p,15.85,15.85,TCGA-BRCA,hsa-let-7a-5p,Tumor,hsa-let-7a-5p,15.85,15.85,15.671967637128176,16.028032362871823
hsa-let-7a-5p,16.355,16.355,TCGA-BRCA,hsa-let-7a-5p,Tumor,hsa-let-7a-5p,16.355,16.355,16.176967637128175,16.533032362871825
hsa-let-7a-5p,15.474,15.474,TCGA-BRCA,hsa-let-7a-5p,Tumor,hsa-let-7a-5p,15.474,15.474,15.295967637128177,15.652032362871823
hsa-let-7a-5p,15.411,15.411,TCGA-BRCA,hsa-let-7a-5p,Tumor,hsa-let-7a-5p,15.411,15.411,15.232967637128176,15.589032362871823
hsa-let-7a-5p,13.86,13.86,TCGA-BRCA,hsa-let-7a-5p,Tumor,hsa-let-7a-5p,13.86,13.86,13.681967637128176,14.038032362871823
hsa-let-7a-5p,13.047,13.047,TCGA-BRCA,hsa-let-7a-5p,Tumor,hsa-let-7a-5p,13.047,13.047,12.868967637128177,13.225032362871824
hsa-let-7a-5p,13.919,13.919,TCGA-BRCA,hsa-let-7a-5p,Tumor,hsa-let-7a-5p,13.919,13.919,13.740967637128177,14.097032362871824
hsa-let-7a-5p,15.242,15.242,TCGA-BRCA,hsa-let-7a-5p,Tumor,hsa-let-7a-5p,15.242,15.242,15.063967637128178,15.420032362871824
hsa-let-7a-5p,15.201,15.201,TCGA-BRCA,hsa-let-7a-5p,Tumor,hsa-let-7a-5p,15.201,15.201,15.022967637128177,15.379032362871824
hsa-let-7a-5p,13.935,13.935,TCGA-BRCA,hsa-let-7a-5p,Tumor,hsa-let-7a-5p,13.935,13.935,13.756967637128177,14.113032362871824
hsa-let-7a-5p,14.685,14.685,TCGA-BRCA,hsa-let-7a-5p,Tumor,hsa-let-7a-5p,14.685,14.685,14.506967637128177,14.863032362871824
hsa-let-7a-5p,14.892,14.892,TCGA-BRCA,hsa-let-7a-5p,Tumor,hsa-let-7a-5p,14.892,14.892,14.713967637128176,15.070032362871823
hsa-let-7a-5p,15.646,15.646,TCGA-BRCA,hsa-let-7a-5p,Tumor,hsa-let-7a-5p,15.646,15.646,15.467967637128178,15.824032362871824
hsa-let-7a-5p,16.191,16.191,TCGA-BRCA,hsa-let-7a-5p,Tumor,hsa-let-7a-5p,16.191,16.191,16.012967637128174,16.369032362871824
hsa-let-7a-5p,14.496,14.496,TCGA-BRCA,hsa-let-7a-5p,Tumor,hsa-let-7a-5p,14.496,14.496,14.317967637128177,14.674032362871824
hsa-let-7a-5p,14.676,14.676,TCGA-BRCA,hsa-let-7a-5p,Tumor,hsa-let-7a-5p,14.676,14.676,14.497967637128177,14.854032362871823
hsa-let-7a-5p,14.956,14.956,TCGA-BRCA,hsa-let-7a-5p,Tumor,hsa-let-7a-5p,14.956,14.956,14.777967637128176,15.134032362871823
hsa-let-7a-5p,14.012,14.012,TCGA-BRCA,hsa-let-7a-5p,Tumor,hsa-let-7a-5p,14.012,14.012,13.833967637128177,14.190032362871824
hsa-let-7a-5p,14.127,14.127,TCGA-BRCA,hsa-let-7a-5p,Tumor,hsa-let-7a-5p,14.127,14.127,13.948967637128177,14.305032362871824
hsa-let-7a-5p,14.999,14.999,TCGA-BRCA,hsa-let-7a-5p,Tumor,hsa-let-7a-5p,14.999,14.999,14.820967637128177,15.177032362871824
hsa-let-7a-5p,13.548,13.548,TCGA-BRCA,hsa-let-7a-5p,Tumor,hsa-let-7a-5p,13.548,13.548,13.369967637128177,13.726032362871823
hsa-let-7a-5p,13.457,13.457,TCGA-BRCA,hsa-let-7a-5p,Tumor,hsa-let-7a-5p,13.457,13.457,13.278967637128178,13.635032362871824
hsa-let-7a-5p,14.43,14.43,TCGA-BRCA,hsa-let-7a-5p,Tumor,hsa-let-7a-5p,14.43,14.43,14.251967637128176,14.608032362871823
hsa-let-7a-5p,13.717,13.717,TCGA-BRCA,hsa-let-7a-5p,Tumor,hsa-let-7a-5p,13.717,13.717,13.538967637128177,13.895032362871824
hsa-let-7a-5p,15.053,15.053,TCGA-BRCA,hsa-let-7a-5p,Tumor,hsa-let-7a-5p,15.053,15.053,14.874967637128178,15.231032362871824
hsa-let-7a-5p,14.545,14.545,TCGA-BRCA,hsa-let-7a-5p,Tumor,hsa-let-7a-5p,14.545,14.545,14.366967637128177,14.723032362871823
hsa-let-7a-5p,13.88,13.88,TCGA-BRCA,hsa-let-7a-5p,Tumor,hsa-let-7a-5p,13.88,13.88,13.701967637128178,14.058032362871824
hsa-let-7a-5p,14.199,14.199,TCGA-BRCA,hsa-let-7a-5p,Tumor,hsa-let-7a-5p,14.199,14.199,14.020967637128177,14.377032362871823
hsa-let-7a-5p,12.989,12.989,TCGA-BRCA,hsa-let-7a-5p,Tumor,hsa-let-7a-5p,12.989,12.989,12.810967637128178,13.167032362871824
hsa-let-7a-5p,14.676,14.676,TCGA-BRCA,hsa-let-7a-5p,Tumor,hsa-let-7a-5p,14.676,14.676,14.497967637128177,14.854032362871823
hsa-let-7a-5p,13.402,13.402,TCGA-BRCA,hsa-let-7a-5p,Tumor,hsa-let-7a-5p,13.402,13.402,13.223967637128176,13.580032362871822
hsa-let-7a-5p,13.71,13.71,TCGA-BRCA,hsa-let-7a-5p,Tumor,hsa-let-7a-5p,13.71,13.71,13.531967637128178,13.888032362871824
hsa-let-7a-5p,15.257,15.257,TCGA-BRCA,hsa-let-7a-5p,Tumor,hsa-let-7a-5p,15.257,15.257,15.078967637128176,15.435032362871823
hsa-let-7a-5p,16.526,16.526,TCGA-BRCA,hsa-let-7a-5p,Tumor,hsa-let-7a-5p,16.526,16.526,16.347967637128175,16.704032362871825
hsa-let-7a-5p,15.073,15.073,TCGA-BRCA,hsa-let-7a-5p,Tumor,hsa-let-7a-5p,15.073,15.073,14.894967637128177,15.251032362871824
hsa-let-7a-5p,14.981,14.981,TCGA-BRCA,hsa-let-7a-5p,Tumor,hsa-let-7a-5p,14.981,14.981,14.802967637128177,15.159032362871823
hsa-let-7a-5p,14.351,14.351,TCGA-BRCA,hsa-let-7a-5p,Tumor,hsa-let-7a-5p,14.351,14.351,14.172967637128178,14.529032362871824
hsa-let-7a-5p,14.456,14.456,TCGA-BRCA,hsa-let-7a-5p,Tumor,hsa-let-7a-5p,14.456,14.456,14.277967637128176,14.634032362871823
hsa-let-7a-5p,13.517,13.517,TCGA-BRCA,hsa-let-7a-5p,Tumor,hsa-let-7a-5p,13.517,13.517,13.338967637128176,13.695032362871823
hsa-let-7a-5p,14.067,14.067,TCGA-BRCA,hsa-let-7a-5p,Tumor,hsa-let-7a-5p,14.067,14.067,13.888967637128177,14.245032362871823
hsa-let-7a-5p,15.483,15.483,TCGA-BRCA,hsa-let-7a-5p,Tumor,hsa-let-7a-5p,15.483,15.483,15.304967637128177,15.661032362871824
hsa-let-7a-5p,14.938,14.938,TCGA-BRCA,hsa-let-7a-5p,Tumor,hsa-let-7a-5p,14.938,14.938,14.759967637128177,15.116032362871824
hsa-let-7a-5p,15.591,15.591,TCGA-BRCA,hsa-let-7a-5p,Tumor,hsa-let-7a-5p,15.591,15.591,15.412967637128176,15.769032362871823
hsa-let-7a-5p,14.942,14.942,TCGA-BRCA,hsa-let-7a-5p,Tumor,hsa-let-7a-5p,14.942,14.942,14.763967637128177,15.120032362871823
hsa-let-7a-5p,14.334,14.334,TCGA-BRCA,hsa-let-7a-5p,Tumor,hsa-let-7a-5p,14.334,14.334,14.155967637128176,14.512032362871823
hsa-let-7a-5p,14.816,14.816,TCGA-BRCA,hsa-let-7a-5p,Tumor,hsa-let-7a-5p,14.816,14.816,14.637967637128178,14.994032362871824
hsa-let-7a-5p,14.725,14.725,TCGA-BRCA,hsa-let-7a-5p,Tumor,hsa-let-7a-5p,14.725,14.725,14.546967637128176,14.903032362871823
hsa-let-7a-5p,13.472,13.472,TCGA-BRCA,hsa-let-7a-5p,Tumor,hsa-let-7a-5p,13.472,13.472,13.293967637128176,13.650032362871823
hsa-let-7a-5p,15.27,15.27,TCGA-BRCA,hsa-let-7a-5p,Tumor,hsa-let-7a-5p,15.27,15.27,15.091967637128176,15.448032362871823
hsa-let-7a-5p,14.988,14.988,TCGA-BRCA,hsa-let-7a-5p,Tumor,hsa-let-7a-5p,14.988,14.988,14.809967637128176,15.166032362871823
hsa-let-7a-5p,15.718,15.718,TCGA-BRCA,hsa-let-7a-5p,Tumor,hsa-let-7a-5p,15.718,15.718,15.539967637128177,15.896032362871823
hsa-let-7a-5p,14.817,14.817,TCGA-BRCA,hsa-let-7a-5p,Tumor,hsa-let-7a-5p,14.817,14.817,14.638967637128177,14.995032362871823
hsa-let-7a-5p,15.129,15.129,TCGA-BRCA,hsa-let-7a-5p,Tumor,hsa-let-7a-5p,15.129,15.129,14.950967637128176,15.307032362871823
hsa-let-7a-5p,14.875,14.875,TCGA-BRCA,hsa-let-7a-5p,Tumor,hsa-let-7a-5p,14.875,14.875,14.696967637128177,15.053032362871823
hsa-let-7a-5p,14.776,14.776,TCGA-BRCA,hsa-let-7a-5p,Tumor,hsa-let-7a-5p,14.776,14.776,14.597967637128177,14.954032362871823
hsa-let-7a-5p,14.244,14.244,TCGA-BRCA,hsa-let-7a-5p,Tumor,hsa-let-7a-5p,14.244,14.244,14.065967637128177,14.422032362871823
hsa-let-7a-5p,14.288,14.288,TCGA-BRCA,hsa-let-7a-5p,Tumor,hsa-let-7a-5p,14.288,14.288,14.109967637128177,14.466032362871823
hsa-let-7a-5p,15.813,15.813,TCGA-BRCA,hsa-let-7a-5p,Tumor,hsa-let-7a-5p,15.813,15.813,15.634967637128177,15.991032362871824
hsa-let-7a-5p,14.444,14.444,TCGA-BRCA,hsa-let-7a-5p,Tumor,hsa-let-7a-5p,14.444,14.444,14.265967637128178,14.622032362871824
hsa-let-7a-5p,15.177,15.177,TCGA-BRCA,hsa-let-7a-5p,Tumor,hsa-let-7a-5p,15.177,15.177,14.998967637128176,15.355032362871823
hsa-let-7a-5p,15.479,15.479,TCGA-BRCA,hsa-let-7a-5p,Tumor,hsa-let-7a-5p,15.479,15.479,15.300967637128176,15.657032362871822
hsa-let-7a-5p,15.575,15.575,TCGA-BRCA,hsa-let-7a-5p,Tumor,hsa-let-7a-5p,15.575,15.575,15.396967637128176,15.753032362871823
hsa-let-7a-5p,14.586,14.586,TCGA-BRCA,hsa-let-7a-5p,Tumor,hsa-let-7a-5p,14.586,14.586,14.407967637128177,14.764032362871824
hsa-let-7a-5p,14.714,14.714,TCGA-BRCA,hsa-let-7a-5p,Tumor,hsa-let-7a-5p,14.714,14.714,14.535967637128177,14.892032362871824
hsa-let-7a-5p,12.567,12.567,TCGA-BRCA,hsa-let-7a-5p,Tumor,hsa-let-7a-5p,12.567,12.567,12.388967637128177,12.745032362871823
hsa-let-7a-5p,14.675,14.675,TCGA-BRCA,hsa-let-7a-5p,Tumor,hsa-let-7a-5p,14.675,14.675,14.496967637128177,14.853032362871824
hsa-let-7a-5p,14.519,14.519,TCGA-BRCA,hsa-let-7a-5p,Tumor,hsa-let-7a-5p,14.519,14.519,14.340967637128177,14.697032362871823
hsa-let-7a-5p,14.626,14.626,TCGA-BRCA,hsa-let-7a-5p,Tumor,hsa-let-7a-5p,14.626,14.626,14.447967637128176,14.804032362871823
hsa-let-7a-5p,14.232,14.232,TCGA-BRCA,hsa-let-7a-5p,Tumor,hsa-let-7a-5p,14.232,14.232,14.053967637128176,14.410032362871823
hsa-let-7a-5p,15.859,15.859,TCGA-BRCA,hsa-let-7a-5p,Tumor,hsa-let-7a-5p,15.859,15.859,15.680967637128177,16.037032362871823
hsa-let-7a-5p,16.246,16.246,TCGA-BRCA,hsa-let-7a-5p,Tumor,hsa-let-7a-5p,16.246,16.246,16.067967637128174,16.424032362871824
hsa-let-7a-5p,15.942,15.942,TCGA-BRCA,hsa-let-7a-5p,Tumor,hsa-let-7a-5p,15.942,15.942,15.763967637128177,16.120032362871825
hsa-let-7a-5p,15.722,15.722,TCGA-BRCA,hsa-let-7a-5p,Tumor,hsa-let-7a-5p,15.722,15.722,15.543967637128176,15.900032362871823
hsa-let-7a-5p,15.662,15.662,TCGA-BRCA,hsa-let-7a-5p,Tumor,hsa-let-7a-5p,15.662,15.662,15.483967637128178,15.840032362871824
hsa-let-7a-5p,17.063,17.063,TCGA-BRCA,hsa-let-7a-5p,Tumor,hsa-let-7a-5p,17.063,17.063,16.884967637128174,17.241032362871824
hsa-let-7a-5p,17.056,17.056,TCGA-BRCA,hsa-let-7a-5p,Tumor,hsa-let-7a-5p,17.056,17.056,16.877967637128176,17.234032362871826
hsa-let-7a-5p,16.576,16.576,TCGA-BRCA,hsa-let-7a-5p,Tumor,hsa-let-7a-5p,16.576,16.576,16.397967637128176,16.754032362871826
hsa-let-7a-5p,16.7,16.7,TCGA-BRCA,hsa-let-7a-5p,Tumor,hsa-let-7a-5p,16.7,16.7,16.521967637128174,16.878032362871824
hsa-let-7a-5p,16.016,16.016,TCGA-BRCA,hsa-let-7a-5p,Tumor,hsa-let-7a-5p,16.016,16.016,15.837967637128175,16.194032362871823
hsa-let-7a-5p,14.785,14.785,TCGA-BRCA,hsa-let-7a-5p,Tumor,hsa-let-7a-5p,14.785,14.785,14.606967637128177,14.963032362871823
hsa-let-7a-5p,14.936,14.936,TCGA-BRCA,hsa-let-7a-5p,Tumor,hsa-let-7a-5p,14.936,14.936,14.757967637128177,15.114032362871823
hsa-let-7a-5p,15.028,15.028,TCGA-BRCA,hsa-let-7a-5p,Tumor,hsa-let-7a-5p,15.028,15.028,14.849967637128177,15.206032362871824
hsa-let-7a-5p,14.047,14.047,TCGA-BRCA,hsa-let-7a-5p,Tumor,hsa-let-7a-5p,14.047,14.047,13.868967637128177,14.225032362871824
hsa-let-7a-5p,14.004,14.004,TCGA-BRCA,hsa-let-7a-5p,Tumor,hsa-let-7a-5p,14.004,14.004,13.825967637128176,14.182032362871823
hsa-let-7a-5p,13.948,13.948,TCGA-BRCA,hsa-let-7a-5p,Tumor,hsa-let-7a-5p,13.948,13.948,13.769967637128177,14.126032362871824
hsa-let-7a-5p,14.885,14.885,TCGA-BRCA,hsa-let-7a-5p,Tumor,hsa-let-7a-5p,14.885,14.885,14.706967637128177,15.063032362871823
hsa-let-7a-5p,14.144,14.144,TCGA-BRCA,hsa-let-7a-5p,Tumor,hsa-let-7a-5p,14.144,14.144,13.965967637128177,14.322032362871823
hsa-let-7a-5p,12.914,12.914,TCGA-BRCA,hsa-let-7a-5p,Tumor,hsa-let-7a-5p,12.914,12.914,12.735967637128176,13.092032362871823
hsa-let-7a-5p,13.893,13.893,TCGA-BRCA,hsa-let-7a-5p,Tumor,hsa-let-7a-5p,13.893,13.893,13.714967637128177,14.071032362871824
hsa-let-7a-5p,15.056,15.056,TCGA-BRCA,hsa-let-7a-5p,Tumor,hsa-let-7a-5p,15.056,15.056,14.877967637128176,15.234032362871822
hsa-let-7a-5p,14.245,14.245,TCGA-BRCA,hsa-let-7a-5p,Tumor,hsa-let-7a-5p,14.245,14.245,14.066967637128176,14.423032362871822
hsa-let-7a-5p,15.287,15.287,TCGA-BRCA,hsa-let-7a-5p,Tumor,hsa-let-7a-5p,15.287,15.287,15.108967637128178,15.465032362871824
hsa-let-7a-5p,13.871,13.871,TCGA-BRCA,hsa-let-7a-5p,Tumor,hsa-let-7a-5p,13.871,13.871,13.692967637128177,14.049032362871824
hsa-let-7a-5p,13.574,13.574,TCGA-BRCA,hsa-let-7a-5p,Tumor,hsa-let-7a-5p,13.574,13.574,13.395967637128177,13.752032362871823
hsa-let-7a-5p,14.761,14.761,TCGA-BRCA,hsa-let-7a-5p,Tumor,hsa-let-7a-5p,14.761,14.761,14.582967637128176,14.939032362871822
hsa-let-7a-5p,13.382,13.382,TCGA-BRCA,hsa-let-7a-5p,Tumor,hsa-let-7a-5p,13.382,13.382,13.203967637128176,13.560032362871823
hsa-let-7a-5p,14.512,14.512,TCGA-BRCA,hsa-let-7a-5p,Tumor,hsa-let-7a-5p,14.512,14.512,14.333967637128177,14.690032362871824
hsa-let-7a-5p,15.47,15.47,TCGA-BRCA,hsa-let-7a-5p,Tumor,hsa-let-7a-5p,15.47,15.47,15.291967637128177,15.648032362871824
hsa-let-7a-5p,14.336,14.336,TCGA-BRCA,hsa-let-7a-5p,Tumor,hsa-let-7a-5p,14.336,14.336,14.157967637128177,14.514032362871824
hsa-let-7a-5p,14.588,14.588,TCGA-BRCA,hsa-let-7a-5p,Tumor,hsa-let-7a-5p,14.588,14.588,14.409967637128176,14.766032362871822
hsa-let-7a-5p,14.882,14.882,TCGA-BRCA,hsa-let-7a-5p,Tumor,hsa-let-7a-5p,14.882,14.882,14.703967637128176,15.060032362871823
hsa-let-7a-5p,13.052,13.052,TCGA-BRCA,hsa-let-7a-5p,Tumor,hsa-let-7a-5p,13.052,13.052,12.873967637128176,13.230032362871823
hsa-let-7a-5p,13.509,13.509,TCGA-BRCA,hsa-let-7a-5p,Tumor,hsa-let-7a-5p,13.509,13.509,13.330967637128177,13.687032362871824
hsa-let-7a-5p,15.666,15.666,TCGA-BRCA,hsa-let-7a-5p,Tumor,hsa-let-7a-5p,15.666,15.666,15.487967637128177,15.844032362871824
hsa-let-7a-5p,15.012,15.012,TCGA-BRCA,hsa-let-7a-5p,Tumor,hsa-let-7a-5p,15.012,15.012,14.833967637128177,15.190032362871824
hsa-let-7a-5p,15.083,15.083,TCGA-BRCA,hsa-let-7a-5p,Tumor,hsa-let-7a-5p,15.083,15.083,14.904967637128177,15.261032362871823
hsa-let-7a-5p,13.71,13.71,TCGA-BRCA,hsa-let-7a-5p,Tumor,hsa-let-7a-5p,13.71,13.71,13.531967637128178,13.888032362871824
hsa-let-7a-5p,14.963,14.963,TCGA-BRCA,hsa-let-7a-5p,Tumor,hsa-let-7a-5p,14.963,14.963,14.784967637128176,15.141032362871822
hsa-let-7a-5p,15.416,15.416,TCGA-BRCA,hsa-let-7a-5p,Tumor,hsa-let-7a-5p,15.416,15.416,15.237967637128177,15.594032362871824
hsa-let-7a-5p,14.998,14.998,TCGA-BRCA,hsa-let-7a-5p,Tumor,hsa-let-7a-5p,14.998,14.998,14.819967637128176,15.176032362871823
hsa-let-7a-5p,14.533,14.533,TCGA-BRCA,hsa-let-7a-5p,Tumor,hsa-let-7a-5p,14.533,14.533,14.354967637128176,14.711032362871823
hsa-let-7a-5p,15.555,15.555,TCGA-BRCA,hsa-let-7a-5p,Tumor,hsa-let-7a-5p,15.555,15.555,15.376967637128176,15.733032362871823
hsa-let-7a-5p,13.641,13.641,TCGA-BRCA,hsa-let-7a-5p,Tumor,hsa-let-7a-5p,13.641,13.641,13.462967637128177,13.819032362871823
hsa-let-7a-5p,13.533,13.533,TCGA-BRCA,hsa-let-7a-5p,Tumor,hsa-let-7a-5p,13.533,13.533,13.354967637128176,13.711032362871823
hsa-let-7a-5p,13.768,13.768,TCGA-BRCA,hsa-let-7a-5p,Tumor,hsa-let-7a-5p,13.768,13.768,13.589967637128177,13.946032362871824
hsa-let-7a-5p,14.559,14.559,TCGA-BRCA,hsa-let-7a-5p,Tumor,hsa-let-7a-5p,14.559,14.559,14.380967637128176,14.737032362871822
hsa-let-7a-5p,15.012,15.012,TCGA-BRCA,hsa-let-7a-5p,Tumor,hsa-let-7a-5p,15.012,15.012,14.833967637128177,15.190032362871824
hsa-let-7a-5p,14.704,14.704,TCGA-BRCA,hsa-let-7a-5p,Tumor,hsa-let-7a-5p,14.704,14.704,14.525967637128177,14.882032362871824
hsa-let-7a-5p,14.043,14.043,TCGA-BRCA,hsa-let-7a-5p,Tumor,hsa-let-7a-5p,14.043,14.043,13.864967637128176,14.221032362871822
hsa-let-7a-5p,14.239,14.239,TCGA-BRCA,hsa-let-7a-5p,Tumor,hsa-let-7a-5p,14.239,14.239,14.060967637128178,14.417032362871824
hsa-let-7a-5p,13.726,13.726,TCGA-BRCA,hsa-let-7a-5p,Tumor,hsa-let-7a-5p,13.726,13.726,13.547967637128178,13.904032362871824
hsa-let-7a-5p,13.886,13.886,TCGA-BRCA,hsa-let-7a-5p,Tumor,hsa-let-7a-5p,13.886,13.886,13.707967637128176,14.064032362871822
hsa-let-7a-5p,14.496,14.496,TCGA-BRCA,hsa-let-7a-5p,Tumor,hsa-let-7a-5p,14.496,14.496,14.317967637128177,14.674032362871824
hsa-let-7a-5p,15.269,15.269,TCGA-BRCA,hsa-let-7a-5p,Tumor,hsa-let-7a-5p,15.269,15.269,15.090967637128177,15.447032362871823
hsa-let-7a-5p,14.797,14.797,TCGA-BRCA,hsa-let-7a-5p,Tumor,hsa-let-7a-5p,14.797,14.797,14.618967637128177,14.975032362871824
hsa-let-7a-5p,14.337,14.337,TCGA-BRCA,hsa-let-7a-5p,Tumor,hsa-let-7a-5p,14.337,14.337,14.158967637128177,14.515032362871823
hsa-let-7a-5p,14.181,14.181,TCGA-BRCA,hsa-let-7a-5p,Tumor,hsa-let-7a-5p,14.181,14.181,14.002967637128176,14.359032362871822
hsa-let-7a-5p,14.662,14.662,TCGA-BRCA,hsa-let-7a-5p,Tumor,hsa-let-7a-5p,14.662,14.662,14.483967637128178,14.840032362871824
hsa-let-7a-5p,13.392,13.392,TCGA-BRCA,hsa-let-7a-5p,Tumor,hsa-let-7a-5p,13.392,13.392,13.213967637128176,13.570032362871823
hsa-let-7a-5p,14.515,14.515,TCGA-BRCA,hsa-let-7a-5p,Tumor,hsa-let-7a-5p,14.515,14.515,14.336967637128177,14.693032362871824
hsa-let-7a-5p,14.317,14.317,TCGA-BRCA,hsa-let-7a-5p,Tumor,hsa-let-7a-5p,14.317,14.317,14.138967637128177,14.495032362871823
hsa-let-7a-5p,16.317,16.317,TCGA-BRCA,hsa-let-7a-5p,Tumor,hsa-let-7a-5p,16.317,16.317,16.138967637128175,16.495032362871825
hsa-let-7a-5p,15.088,15.088,TCGA-BRCA,hsa-let-7a-5p,Tumor,hsa-let-7a-5p,15.088,15.088,14.909967637128176,15.266032362871822
hsa-let-7a-5p,14.677,14.677,TCGA-BRCA,hsa-let-7a-5p,Tumor,hsa-let-7a-5p,14.677,14.677,14.498967637128176,14.855032362871823
hsa-let-7a-5p,14.807,14.807,TCGA-BRCA,hsa-let-7a-5p,Tumor,hsa-let-7a-5p,14.807,14.807,14.628967637128177,14.985032362871824
hsa-let-7a-5p,14.132,14.132,TCGA-BRCA,hsa-let-7a-5p,Tumor,hsa-let-7a-5p,14.132,14.132,13.953967637128176,14.310032362871823
hsa-let-7a-5p,14.976,14.976,TCGA-BRCA,hsa-let-7a-5p,Tumor,hsa-let-7a-5p,14.976,14.976,14.797967637128178,15.154032362871824
hsa-let-7a-5p,14.317,14.317,TCGA-BRCA,hsa-let-7a-5p,Tumor,hsa-let-7a-5p,14.317,14.317,14.138967637128177,14.495032362871823
hsa-let-7a-5p,14.705,14.705,TCGA-BRCA,hsa-let-7a-5p,Tumor,hsa-let-7a-5p,14.705,14.705,14.526967637128177,14.883032362871823
hsa-let-7a-5p,15.129,15.129,TCGA-BRCA,hsa-let-7a-5p,Tumor,hsa-let-7a-5p,15.129,15.129,14.950967637128176,15.307032362871823
hsa-let-7a-5p,15.56,15.56,TCGA-BRCA,hsa-let-7a-5p,Tumor,hsa-let-7a-5p,15.56,15.56,15.381967637128177,15.738032362871824
hsa-let-7a-5p,15.799,15.799,TCGA-BRCA,hsa-let-7a-5p,Normal,hsa-let-7a-5p,15.799,15.799,15.620967637128176,15.977032362871823
hsa-let-7a-5p,14.717,14.717,TCGA-BRCA,hsa-let-7a-5p,Tumor,hsa-let-7a-5p,14.717,14.717,14.538967637128177,14.895032362871824
hsa-let-7a-5p,13.221,13.221,TCGA-BRCA,hsa-let-7a-5p,Tumor,hsa-let-7a-5p,13.221,13.221,13.042967637128177,13.399032362871823
hsa-let-7a-5p,13.869,13.869,TCGA-BRCA,hsa-let-7a-5p,Tumor,hsa-let-7a-5p,13.869,13.869,13.690967637128177,14.047032362871823
hsa-let-7a-5p,15.049,15.049,TCGA-BRCA,hsa-let-7a-5p,Normal,hsa-let-7a-5p,15.049,15.049,14.870967637128176,15.227032362871823
hsa-let-7a-5p,15.666,15.666,TCGA-BRCA,hsa-let-7a-5p,Tumor,hsa-let-7a-5p,15.666,15.666,15.487967637128177,15.844032362871824
hsa-let-7a-5p,15.757,15.757,TCGA-BRCA,hsa-let-7a-5p,Normal,hsa-let-7a-5p,15.757,15.757,15.578967637128176,15.935032362871823
hsa-let-7a-5p,15.02,15.02,TCGA-BRCA,hsa-let-7a-5p,Tumor,hsa-let-7a-5p,15.02,15.02,14.841967637128176,15.198032362871823
hsa-let-7a-5p,14.133,14.133,TCGA-BRCA,hsa-let-7a-5p,Tumor,hsa-let-7a-5p,14.133,14.133,13.954967637128176,14.311032362871822
hsa-let-7a-5p,15.423,15.423,TCGA-BRCA,hsa-let-7a-5p,Tumor,hsa-let-7a-5p,15.423,15.423,15.244967637128177,15.601032362871823
hsa-let-7a-5p,13.903,13.903,TCGA-BRCA,hsa-let-7a-5p,Tumor,hsa-let-7a-5p,13.903,13.903,13.724967637128177,14.081032362871824
hsa-let-7a-5p,14.54,14.54,TCGA-BRCA,hsa-let-7a-5p,Normal,hsa-let-7a-5p,14.54,14.54,14.361967637128176,14.718032362871822
hsa-let-7a-5p,13.527,13.527,TCGA-BRCA,hsa-let-7a-5p,Tumor,hsa-let-7a-5p,13.527,13.527,13.348967637128176,13.705032362871822
hsa-let-7a-5p,15.477,15.477,TCGA-BRCA,hsa-let-7a-5p,Tumor,hsa-let-7a-5p,15.477,15.477,15.298967637128177,15.655032362871824
hsa-let-7a-5p,14.982,14.982,TCGA-BRCA,hsa-let-7a-5p,Normal,hsa-let-7a-5p,14.982,14.982,14.803967637128176,15.160032362871823
hsa-let-7a-5p,16.1,16.1,TCGA-BRCA,hsa-let-7a-5p,Tumor,hsa-let-7a-5p,16.1,16.1,15.921967637128178,16.278032362871826
hsa-let-7a-5p,13.214,13.214,TCGA-BRCA,hsa-let-7a-5p,Tumor,hsa-let-7a-5p,13.214,13.214,13.035967637128177,13.392032362871824
hsa-let-7a-5p,15.514,15.514,TCGA-BRCA,hsa-let-7a-5p,Normal,hsa-let-7a-5p,15.514,15.514,15.335967637128176,15.692032362871823
hsa-let-7a-5p,16.29,16.29,TCGA-BRCA,hsa-let-7a-5p,Tumor,hsa-let-7a-5p,16.29,16.29,16.111967637128174,16.468032362871824
hsa-let-7a-5p,13.607,13.607,TCGA-BRCA,hsa-let-7a-5p,Tumor,hsa-let-7a-5p,13.607,13.607,13.428967637128176,13.785032362871823
hsa-let-7a-5p,15.17,15.17,TCGA-BRCA,hsa-let-7a-5p,Tumor,hsa-let-7a-5p,15.17,15.17,14.991967637128177,15.348032362871823
hsa-let-7a-5p,14.301,14.301,TCGA-BRCA,hsa-let-7a-5p,Tumor,hsa-let-7a-5p,14.301,14.301,14.122967637128177,14.479032362871823
hsa-let-7a-5p,15.5,15.5,TCGA-BRCA,hsa-let-7a-5p,Normal,hsa-let-7a-5p,15.5,15.5,15.321967637128177,15.678032362871823
hsa-let-7a-5p,14.909,14.909,TCGA-BRCA,hsa-let-7a-5p,Tumor,hsa-let-7a-5p,14.909,14.909,14.730967637128177,15.087032362871824
hsa-let-7a-5p,13.74,13.74,TCGA-BRCA,hsa-let-7a-5p,Tumor,hsa-let-7a-5p,13.74,13.74,13.561967637128177,13.918032362871823
hsa-let-7a-5p,14.849,14.849,TCGA-BRCA,hsa-let-7a-5p,Tumor,hsa-let-7a-5p,14.849,14.849,14.670967637128177,15.027032362871823
hsa-let-7a-5p,14.938,14.938,TCGA-BRCA,hsa-let-7a-5p,Tumor,hsa-let-7a-5p,14.938,14.938,14.759967637128177,15.116032362871824
hsa-let-7a-5p,14.525,14.525,TCGA-BRCA,hsa-let-7a-5p,Normal,hsa-let-7a-5p,14.525,14.525,14.346967637128177,14.703032362871824
hsa-let-7a-5p,14.351,14.351,TCGA-BRCA,hsa-let-7a-5p,Tumor,hsa-let-7a-5p,14.351,14.351,14.172967637128178,14.529032362871824
hsa-let-7a-5p,16.093,16.093,TCGA-BRCA,hsa-let-7a-5p,Tumor,hsa-let-7a-5p,16.093,16.093,15.914967637128177,16.271032362871825
hsa-let-7a-5p,15.161,15.161,TCGA-BRCA,hsa-let-7a-5p,Tumor,hsa-let-7a-5p,15.161,15.161,14.982967637128176,15.339032362871823
hsa-let-7a-5p,14.953,14.953,TCGA-BRCA,hsa-let-7a-5p,Tumor,hsa-let-7a-5p,14.953,14.953,14.774967637128176,15.131032362871823
hsa-let-7a-5p,15.96,15.96,TCGA-BRCA,hsa-let-7a-5p,Tumor,hsa-let-7a-5p,15.96,15.96,15.781967637128178,16.138032362871826
hsa-let-7a-5p,14.494,14.494,TCGA-BRCA,hsa-let-7a-5p,Normal,hsa-let-7a-5p,14.494,14.494,14.315967637128177,14.672032362871823
hsa-let-7a-5p,14.249,14.249,TCGA-BRCA,hsa-let-7a-5p,Tumor,hsa-let-7a-5p,14.249,14.249,14.070967637128177,14.427032362871824
hsa-let-7a-5p,15.754,15.754,TCGA-BRCA,hsa-let-7a-5p,Tumor,hsa-let-7a-5p,15.754,15.754,15.575967637128176,15.932032362871823
hsa-let-7a-5p,15.867,15.867,TCGA-BRCA,hsa-let-7a-5p,Normal,hsa-let-7a-5p,15.867,15.867,15.688967637128178,16.045032362871826
hsa-let-7a-5p,15.703,15.703,TCGA-BRCA,hsa-let-7a-5p,Tumor,hsa-let-7a-5p,15.703,15.703,15.524967637128176,15.881032362871823
hsa-let-7a-5p,16.306,16.306,TCGA-BRCA,hsa-let-7a-5p,Normal,hsa-let-7a-5p,16.306,16.306,16.127967637128176,16.484032362871826
hsa-let-7a-5p,12.949,12.949,TCGA-BRCA,hsa-let-7a-5p,Tumor,hsa-let-7a-5p,12.949,12.949,12.770967637128177,13.127032362871823
hsa-let-7a-5p,14.743,14.743,TCGA-BRCA,hsa-let-7a-5p,Normal,hsa-let-7a-5p,14.743,14.743,14.564967637128177,14.921032362871824
hsa-let-7a-5p,13.725,13.725,TCGA-BRCA,hsa-let-7a-5p,Tumor,hsa-let-7a-5p,13.725,13.725,13.546967637128176,13.903032362871823
hsa-let-7a-5p,14.771,14.771,TCGA-BRCA,hsa-let-7a-5p,Normal,hsa-let-7a-5p,14.771,14.771,14.592967637128178,14.949032362871824
hsa-let-7a-5p,15.756,15.756,TCGA-BRCA,hsa-let-7a-5p,Tumor,hsa-let-7a-5p,15.756,15.756,15.577967637128177,15.934032362871823
hsa-let-7a-5p,15.606,15.606,TCGA-BRCA,hsa-let-7a-5p,Normal,hsa-let-7a-5p,15.606,15.606,15.427967637128177,15.784032362871823
hsa-let-7a-5p,13.657,13.657,TCGA-BRCA,hsa-let-7a-5p,Tumor,hsa-let-7a-5p,13.657,13.657,13.478967637128177,13.835032362871823
hsa-let-7a-5p,14.91,14.91,TCGA-BRCA,hsa-let-7a-5p,Normal,hsa-let-7a-5p,14.91,14.91,14.731967637128177,15.088032362871823
hsa-let-7a-5p,14.915,14.915,TCGA-BRCA,hsa-let-7a-5p,Tumor,hsa-let-7a-5p,14.915,14.915,14.736967637128176,15.093032362871822
hsa-let-7a-5p,14.182,14.182,TCGA-BRCA,hsa-let-7a-5p,Tumor,hsa-let-7a-5p,14.182,14.182,14.003967637128177,14.360032362871824
hsa-let-7a-5p,15.844,15.844,TCGA-BRCA,hsa-let-7a-5p,Normal,hsa-let-7a-5p,15.844,15.844,15.665967637128176,16.022032362871823
hsa-let-7a-5p,14.976,14.976,TCGA-BRCA,hsa-let-7a-5p,Tumor,hsa-let-7a-5p,14.976,14.976,14.797967637128178,15.154032362871824
hsa-let-7a-5p,14.77,14.77,TCGA-BRCA,hsa-let-7a-5p,Tumor,hsa-let-7a-5p,14.77,14.77,14.591967637128176,14.948032362871823
hsa-let-7a-5p,14.955,14.955,TCGA-BRCA,hsa-let-7a-5p,Normal,hsa-let-7a-5p,14.955,14.955,14.776967637128177,15.133032362871823
hsa-let-7a-5p,14.721,14.721,TCGA-BRCA,hsa-let-7a-5p,Tumor,hsa-let-7a-5p,14.721,14.721,14.542967637128177,14.899032362871823
hsa-let-7a-5p,15.026,15.026,TCGA-BRCA,hsa-let-7a-5p,Tumor,hsa-let-7a-5p,15.026,15.026,14.847967637128177,15.204032362871823
hsa-let-7a-5p,15.881,15.881,TCGA-BRCA,hsa-let-7a-5p,Normal,hsa-let-7a-5p,15.881,15.881,15.702967637128177,16.059032362871825
hsa-let-7a-5p,14.861,14.861,TCGA-BRCA,hsa-let-7a-5p,Tumor,hsa-let-7a-5p,14.861,14.861,14.682967637128177,15.039032362871824
hsa-let-7a-5p,14.705,14.705,TCGA-BRCA,hsa-let-7a-5p,Tumor,hsa-let-7a-5p,14.705,14.705,14.526967637128177,14.883032362871823
hsa-let-7a-5p,14.519,14.519,TCGA-BRCA,hsa-let-7a-5p,Tumor,hsa-let-7a-5p,14.519,14.519,14.340967637128177,14.697032362871823
hsa-let-7a-5p,14.898,14.898,TCGA-BRCA,hsa-let-7a-5p,Normal,hsa-let-7a-5p,14.898,14.898,14.719967637128176,15.076032362871823
hsa-let-7a-5p,14.459,14.459,TCGA-BRCA,hsa-let-7a-5p,Tumor,hsa-let-7a-5p,14.459,14.459,14.280967637128176,14.637032362871823
hsa-let-7a-5p,15.807,15.807,TCGA-BRCA,hsa-let-7a-5p,Normal,hsa-let-7a-5p,15.807,15.807,15.628967637128177,15.985032362871824
hsa-let-7a-5p,15.953,15.953,TCGA-BRCA,hsa-let-7a-5p,Tumor,hsa-let-7a-5p,15.953,15.953,15.774967637128176,16.131032362871824
hsa-let-7a-5p,15.841,15.841,TCGA-BRCA,hsa-let-7a-5p,Normal,hsa-let-7a-5p,15.841,15.841,15.662967637128176,16.019032362871823
hsa-let-7a-5p,15.38,15.38,TCGA-BRCA,hsa-let-7a-5p,Tumor,hsa-let-7a-5p,15.38,15.38,15.201967637128178,15.558032362871824
hsa-let-7a-5p,14.676,14.676,TCGA-BRCA,hsa-let-7a-5p,Normal,hsa-let-7a-5p,14.676,14.676,14.497967637128177,14.854032362871823
hsa-let-7a-5p,14.158,14.158,TCGA-BRCA,hsa-let-7a-5p,Tumor,hsa-let-7a-5p,14.158,14.158,13.979967637128176,14.336032362871823
hsa-let-7a-5p,14.919,14.919,TCGA-BRCA,hsa-let-7a-5p,Normal,hsa-let-7a-5p,14.919,14.919,14.740967637128177,15.097032362871824
hsa-let-7a-5p,13.405,13.405,TCGA-BRCA,hsa-let-7a-5p,Tumor,hsa-let-7a-5p,13.405,13.405,13.226967637128176,13.583032362871823
hsa-let-7a-5p,15.345,15.345,TCGA-BRCA,hsa-let-7a-5p,Tumor,hsa-let-7a-5p,15.345,15.345,15.166967637128177,15.523032362871824
hsa-let-7a-5p,15.603,15.603,TCGA-BRCA,hsa-let-7a-5p,Normal,hsa-let-7a-5p,15.603,15.603,15.424967637128177,15.781032362871823
hsa-let-7a-5p,16.466,16.466,TCGA-BRCA,hsa-let-7a-5p,Tumor,hsa-let-7a-5p,16.466,16.466,16.287967637128176,16.644032362871826
hsa-let-7a-5p,16.046,16.046,TCGA-BRCA,hsa-let-7a-5p,Normal,hsa-let-7a-5p,16.046,16.046,15.867967637128176,16.224032362871824
hsa-let-7a-5p,15.122,15.122,TCGA-BRCA,hsa-let-7a-5p,Tumor,hsa-let-7a-5p,15.122,15.122,14.943967637128177,15.300032362871823
hsa-let-7a-5p,14.014,14.014,TCGA-BRCA,hsa-let-7a-5p,Tumor,hsa-let-7a-5p,14.014,14.014,13.835967637128176,14.192032362871823
hsa-let-7a-5p,14.875,14.875,TCGA-BRCA,hsa-let-7a-5p,Normal,hsa-let-7a-5p,14.875,14.875,14.696967637128177,15.053032362871823
hsa-let-7a-5p,13.318,13.318,TCGA-BRCA,hsa-let-7a-5p,Tumor,hsa-let-7a-5p,13.318,13.318,13.139967637128176,13.496032362871823
hsa-let-7a-5p,15.505,15.505,TCGA-BRCA,hsa-let-7a-5p,Tumor,hsa-let-7a-5p,15.505,15.505,15.326967637128178,15.683032362871824
hsa-let-7a-5p,15.064,15.064,TCGA-BRCA,hsa-let-7a-5p,Normal,hsa-let-7a-5p,15.064,15.064,14.885967637128177,15.242032362871823
hsa-let-7a-5p,16.984,16.984,TCGA-BRCA,hsa-let-7a-5p,Tumor,hsa-let-7a-5p,16.984,16.984,16.805967637128177,17.162032362871827
hsa-let-7a-5p,13.672,13.672,TCGA-BRCA,hsa-let-7a-5p,Tumor,hsa-let-7a-5p,13.672,13.672,13.493967637128177,13.850032362871824
hsa-let-7a-5p,15.317,15.317,TCGA-BRCA,hsa-let-7a-5p,Tumor,hsa-let-7a-5p,15.317,15.317,15.138967637128177,15.495032362871823
hsa-let-7a-5p,16.219,16.219,TCGA-BRCA,hsa-let-7a-5p,Tumor,hsa-let-7a-5p,16.219,16.219,16.040967637128176,16.397032362871826
hsa-let-7a-5p,15.21,15.21,TCGA-BRCA,hsa-let-7a-5p,Tumor,hsa-let-7a-5p,15.21,15.21,15.031967637128178,15.388032362871824
hsa-let-7a-5p,13.297,13.297,TCGA-BRCA,hsa-let-7a-5p,Tumor,hsa-let-7a-5p,13.297,13.297,13.118967637128177,13.475032362871824
hsa-let-7a-5p,16.422,16.422,TCGA-BRCA,hsa-let-7a-5p,Tumor,hsa-let-7a-5p,16.422,16.422,16.243967637128176,16.600032362871826
hsa-let-7a-5p,13.179,13.179,TCGA-BRCA,hsa-let-7a-5p,Tumor,hsa-let-7a-5p,13.179,13.179,13.000967637128177,13.357032362871823
hsa-let-7a-5p,14.726,14.726,TCGA-BRCA,hsa-let-7a-5p,Tumor,hsa-let-7a-5p,14.726,14.726,14.547967637128178,14.904032362871824
hsa-let-7a-5p,15.558,15.558,TCGA-BRCA,hsa-let-7a-5p,Tumor,hsa-let-7a-5p,15.558,15.558,15.379967637128177,15.736032362871823
hsa-let-7a-5p,15.838,15.838,TCGA-BRCA,hsa-let-7a-5p,Tumor,hsa-let-7a-5p,15.838,15.838,15.659967637128176,16.016032362871822
hsa-let-7a-5p,14.892,14.892,TCGA-BRCA,hsa-let-7a-5p,Tumor,hsa-let-7a-5p,14.892,14.892,14.713967637128176,15.070032362871823
hsa-let-7a-5p,15.816,15.816,TCGA-BRCA,hsa-let-7a-5p,Normal,hsa-let-7a-5p,15.816,15.816,15.637967637128178,15.994032362871824
hsa-let-7a-5p,14.991,14.991,TCGA-BRCA,hsa-let-7a-5p,Tumor,hsa-let-7a-5p,14.991,14.991,14.812967637128176,15.169032362871823
hsa-let-7a-5p,14.656,14.656,TCGA-BRCA,hsa-let-7a-5p,Tumor,hsa-let-7a-5p,14.656,14.656,14.477967637128177,14.834032362871824
hsa-let-7a-5p,15.004,15.004,TCGA-BRCA,hsa-let-7a-5p,Normal,hsa-let-7a-5p,15.004,15.004,14.825967637128176,15.182032362871823
hsa-let-7a-5p,14.19,14.19,TCGA-BRCA,hsa-let-7a-5p,Tumor,hsa-let-7a-5p,14.19,14.19,14.011967637128176,14.368032362871823
hsa-let-7a-5p,15.747,15.747,TCGA-BRCA,hsa-let-7a-5p,Tumor,hsa-let-7a-5p,15.747,15.747,15.568967637128177,15.925032362871823
hsa-let-7a-5p,16.53,16.53,TCGA-BRCA,hsa-let-7a-5p,Normal,hsa-let-7a-5p,16.53,16.53,16.351967637128176,16.708032362871826
hsa-let-7a-5p,13.84,13.84,TCGA-BRCA,hsa-let-7a-5p,Tumor,hsa-let-7a-5p,13.84,13.84,13.661967637128177,14.018032362871823
hsa-let-7a-5p,15.035,15.035,TCGA-BRCA,hsa-let-7a-5p,Tumor,hsa-let-7a-5p,15.035,15.035,14.856967637128177,15.213032362871823
hsa-let-7a-5p,14.553,14.553,TCGA-BRCA,hsa-let-7a-5p,Tumor,hsa-let-7a-5p,14.553,14.553,14.374967637128178,14.731032362871824
hsa-let-7a-5p,15.453,15.453,TCGA-BRCA,hsa-let-7a-5p,Tumor,hsa-let-7a-5p,15.453,15.453,15.274967637128176,15.631032362871823
hsa-let-7a-5p,14.835,14.835,TCGA-BRCA,hsa-let-7a-5p,Normal,hsa-let-7a-5p,14.835,14.835,14.656967637128178,15.013032362871824
hsa-let-7a-5p,16.509,16.509,TCGA-BRCA,hsa-let-7a-5p,Tumor,hsa-let-7a-5p,16.509,16.509,16.330967637128175,16.687032362871825
hsa-let-7a-5p,16.646,16.646,TCGA-BRCA,hsa-let-7a-5p,Tumor,hsa-let-7a-5p,16.646,16.646,16.467967637128176,16.824032362871826
hsa-let-7a-5p,14.817,14.817,TCGA-BRCA,hsa-let-7a-5p,Tumor,hsa-let-7a-5p,14.817,14.817,14.638967637128177,14.995032362871823
hsa-let-7a-5p,15.081,15.081,TCGA-BRCA,hsa-let-7a-5p,Tumor,hsa-let-7a-5p,15.081,15.081,14.902967637128176,15.259032362871823
hsa-let-7a-5p,14.863,14.863,TCGA-BRCA,hsa-let-7a-5p,Tumor,hsa-let-7a-5p,14.863,14.863,14.684967637128176,15.041032362871823
hsa-let-7a-5p,13.65,13.65,TCGA-BRCA,hsa-let-7a-5p,Tumor,hsa-let-7a-5p,13.65,13.65,13.471967637128177,13.828032362871824
hsa-let-7a-5p,16.07,16.07,TCGA-BRCA,hsa-let-7a-5p,Tumor,hsa-let-7a-5p,16.07,16.07,15.891967637128177,16.248032362871825
hsa-let-7a-5p,15.208,15.208,TCGA-BRCA,hsa-let-7a-5p,Tumor,hsa-let-7a-5p,15.208,15.208,15.029967637128177,15.386032362871823
hsa-let-7a-5p,14.253,14.253,TCGA-BRCA,hsa-let-7a-5p,Tumor,hsa-let-7a-5p,14.253,14.253,14.074967637128177,14.431032362871823
hsa-let-7a-5p,13.723,13.723,TCGA-BRCA,hsa-let-7a-5p,Tumor,hsa-let-7a-5p,13.723,13.723,13.544967637128178,13.901032362871824
hsa-let-7a-5p,14.178,14.178,TCGA-BRCA,hsa-let-7a-5p,Tumor,hsa-let-7a-5p,14.178,14.178,13.999967637128178,14.356032362871824
hsa-let-7a-5p,14.474,14.474,TCGA-BRCA,hsa-let-7a-5p,Tumor,hsa-let-7a-5p,14.474,14.474,14.295967637128177,14.652032362871823
hsa-let-7a-5p,14.358,14.358,TCGA-BRCA,hsa-let-7a-5p,Tumor,hsa-let-7a-5p,14.358,14.358,14.179967637128177,14.536032362871824
hsa-let-7a-5p,15.711,15.711,TCGA-BRCA,hsa-let-7a-5p,Tumor,hsa-let-7a-5p,15.711,15.711,15.532967637128177,15.889032362871824
hsa-let-7a-5p,13.644,13.644,TCGA-BRCA,hsa-let-7a-5p,Tumor,hsa-let-7a-5p,13.644,13.644,13.465967637128177,13.822032362871823
hsa-let-7a-5p,14.92,14.92,TCGA-BRCA,hsa-let-7a-5p,Tumor,hsa-let-7a-5p,14.92,14.92,14.741967637128177,15.098032362871823
hsa-let-7a-5p,14.529,14.529,TCGA-BRCA,hsa-let-7a-5p,Tumor,hsa-let-7a-5p,14.529,14.529,14.350967637128177,14.707032362871823
hsa-let-7a-5p,14.755,14.755,TCGA-BRCA,hsa-let-7a-5p,Tumor,hsa-let-7a-5p,14.755,14.755,14.576967637128178,14.933032362871824
hsa-let-7a-5p,15.876,15.876,TCGA-BRCA,hsa-let-7a-5p,Tumor,hsa-let-7a-5p,15.876,15.876,15.697967637128176,16.054032362871823
hsa-let-7a-5p,14.487,14.487,TCGA-BRCA,hsa-let-7a-5p,Tumor,hsa-let-7a-5p,14.487,14.487,14.308967637128177,14.665032362871823
hsa-let-7a-5p,14.854,14.854,TCGA-BRCA,hsa-let-7a-5p,Normal,hsa-let-7a-5p,14.854,14.854,14.675967637128176,15.032032362871822
hsa-let-7a-5p,13.55,13.55,TCGA-BRCA,hsa-let-7a-5p,Tumor,hsa-let-7a-5p,13.55,13.55,13.371967637128177,13.728032362871824
hsa-let-7a-5p,14.818,14.818,TCGA-BRCA,hsa-let-7a-5p,Normal,hsa-let-7a-5p,14.818,14.818,14.639967637128176,14.996032362871823
hsa-let-7a-5p,15.34,15.34,TCGA-BRCA,hsa-let-7a-5p,Tumor,hsa-let-7a-5p,15.34,15.34,15.161967637128177,15.518032362871823
hsa-let-7a-5p,15.115,15.115,TCGA-BRCA,hsa-let-7a-5p,Normal,hsa-let-7a-5p,15.115,15.115,14.936967637128177,15.293032362871823
hsa-let-7a-5p,15.538,15.538,TCGA-BRCA,hsa-let-7a-5p,Tumor,hsa-let-7a-5p,15.538,15.538,15.359967637128177,15.716032362871823
hsa-let-7a-5p,15.43,15.43,TCGA-BRCA,hsa-let-7a-5p,Normal,hsa-let-7a-5p,15.43,15.43,15.251967637128176,15.608032362871823
hsa-let-7a-5p,14.837,14.837,TCGA-BRCA,hsa-let-7a-5p,Tumor,hsa-let-7a-5p,14.837,14.837,14.658967637128177,15.015032362871823
hsa-let-7a-5p,15.569,15.569,TCGA-BRCA,hsa-let-7a-5p,Normal,hsa-let-7a-5p,15.569,15.569,15.390967637128178,15.747032362871824
hsa-let-7a-5p,15.556,15.556,TCGA-BRCA,hsa-let-7a-5p,Tumor,hsa-let-7a-5p,15.556,15.556,15.377967637128176,15.734032362871822
hsa-let-7a-5p,15.184,15.184,TCGA-BRCA,hsa-let-7a-5p,Normal,hsa-let-7a-5p,15.184,15.184,15.005967637128176,15.362032362871822
hsa-let-7a-5p,14.154,14.154,TCGA-BRCA,hsa-let-7a-5p,Tumor,hsa-let-7a-5p,14.154,14.154,13.975967637128177,14.332032362871823
hsa-let-7a-5p,15.601,15.601,TCGA-BRCA,hsa-let-7a-5p,Normal,hsa-let-7a-5p,15.601,15.601,15.422967637128178,15.779032362871824
hsa-let-7a-5p,14.236,14.236,TCGA-BRCA,hsa-let-7a-5p,Tumor,hsa-let-7a-5p,14.236,14.236,14.057967637128177,14.414032362871824
hsa-let-7a-5p,15.604,15.604,TCGA-BRCA,hsa-let-7a-5p,Normal,hsa-let-7a-5p,15.604,15.604,15.425967637128176,15.782032362871822
hsa-let-7a-5p,15.857,15.857,TCGA-BRCA,hsa-let-7a-5p,Tumor,hsa-let-7a-5p,15.857,15.857,15.678967637128176,16.035032362871824
hsa-let-7a-5p,15.106,15.106,TCGA-BRCA,hsa-let-7a-5p,Normal,hsa-let-7a-5p,15.106,15.106,14.927967637128177,15.284032362871823
hsa-let-7a-5p,14.33,14.33,TCGA-BRCA,hsa-let-7a-5p,Tumor,hsa-let-7a-5p,14.33,14.33,14.151967637128177,14.508032362871823
hsa-let-7a-5p,14.323,14.323,TCGA-BRCA,hsa-let-7a-5p,Tumor,hsa-let-7a-5p,14.323,14.323,14.144967637128177,14.501032362871824
hsa-let-7a-5p,15.442,15.442,TCGA-BRCA,hsa-let-7a-5p,Normal,hsa-let-7a-5p,15.442,15.442,15.263967637128177,15.620032362871823
hsa-let-7a-5p,14.241,14.241,TCGA-BRCA,hsa-let-7a-5p,Tumor,hsa-let-7a-5p,14.241,14.241,14.062967637128176,14.419032362871823
hsa-let-7a-5p,14.99,14.99,TCGA-BRCA,hsa-let-7a-5p,Tumor,hsa-let-7a-5p,14.99,14.99,14.811967637128177,15.168032362871823
hsa-let-7a-5p,14.028,14.028,TCGA-BRCA,hsa-let-7a-5p,Normal,hsa-let-7a-5p,14.028,14.028,13.849967637128177,14.206032362871824
hsa-let-7a-5p,16.332,16.332,TCGA-BRCA,hsa-let-7a-5p,Tumor,hsa-let-7a-5p,16.332,16.332,16.153967637128176,16.510032362871826
hsa-let-7a-5p,15.328,15.328,TCGA-BRCA,hsa-let-7a-5p,Normal,hsa-let-7a-5p,15.328,15.328,15.149967637128176,15.506032362871823
hsa-let-7a-5p,14.906,14.906,TCGA-BRCA,hsa-let-7a-5p,Tumor,hsa-let-7a-5p,14.906,14.906,14.727967637128177,15.084032362871824
hsa-let-7a-5p,15.276,15.276,TCGA-BRCA,hsa-let-7a-5p,Tumor,hsa-let-7a-5p,15.276,15.276,15.097967637128177,15.454032362871823
hsa-let-7a-5p,15.674,15.674,TCGA-BRCA,hsa-let-7a-5p,Normal,hsa-let-7a-5p,15.674,15.674,15.495967637128176,15.852032362871823
hsa-let-7a-5p,15.549,15.549,TCGA-BRCA,hsa-let-7a-5p,Tumor,hsa-let-7a-5p,15.549,15.549,15.370967637128176,15.727032362871823
hsa-let-7a-5p,15.968,15.968,TCGA-BRCA,hsa-let-7a-5p,Normal,hsa-let-7a-5p,15.968,15.968,15.789967637128177,16.146032362871825
hsa-let-7a-5p,14.463,14.463,TCGA-BRCA,hsa-let-7a-5p,Tumor,hsa-let-7a-5p,14.463,14.463,14.284967637128176,14.641032362871822
hsa-let-7a-5p,16.284,16.284,TCGA-BRCA,hsa-let-7a-5p,Normal,hsa-let-7a-5p,16.284,16.284,16.105967637128174,16.462032362871824
hsa-let-7a-5p,15.455,15.455,TCGA-BRCA,hsa-let-7a-5p,Tumor,hsa-let-7a-5p,15.455,15.455,15.276967637128177,15.633032362871823
hsa-let-7a-5p,16.23,16.23,TCGA-BRCA,hsa-let-7a-5p,Normal,hsa-let-7a-5p,16.23,16.23,16.051967637128175,16.408032362871825
hsa-let-7a-5p,15.069,15.069,TCGA-BRCA,hsa-let-7a-5p,Tumor,hsa-let-7a-5p,15.069,15.069,14.890967637128178,15.247032362871824
hsa-let-7a-5p,14.525,14.525,TCGA-BRCA,hsa-let-7a-5p,Tumor,hsa-let-7a-5p,14.525,14.525,14.346967637128177,14.703032362871824
hsa-let-7a-5p,14.127,14.127,TCGA-BRCA,hsa-let-7a-5p,Tumor,hsa-let-7a-5p,14.127,14.127,13.948967637128177,14.305032362871824
hsa-let-7a-5p,15.237,15.237,TCGA-BRCA,hsa-let-7a-5p,Normal,hsa-let-7a-5p,15.237,15.237,15.058967637128177,15.415032362871823
hsa-let-7a-5p,14.481,14.481,TCGA-BRCA,hsa-let-7a-5p,Tumor,hsa-let-7a-5p,14.481,14.481,14.302967637128177,14.659032362871823
hsa-let-7a-5p,15.106,15.106,TCGA-BRCA,hsa-let-7a-5p,Normal,hsa-let-7a-5p,15.106,15.106,14.927967637128177,15.284032362871823
hsa-let-7a-5p,14.588,14.588,TCGA-BRCA,hsa-let-7a-5p,Tumor,hsa-let-7a-5p,14.588,14.588,14.409967637128176,14.766032362871822
hsa-let-7a-5p,13.365,13.365,TCGA-BRCA,hsa-let-7a-5p,Tumor,hsa-let-7a-5p,13.365,13.365,13.186967637128177,13.543032362871823
hsa-let-7a-5p,15.058,15.058,TCGA-BRCA,hsa-let-7a-5p,Normal,hsa-let-7a-5p,15.058,15.058,14.879967637128177,15.236032362871823
hsa-let-7a-5p,13.672,13.672,TCGA-BRCA,hsa-let-7a-5p,Tumor,hsa-let-7a-5p,13.672,13.672,13.493967637128177,13.850032362871824
hsa-let-7a-5p,13.695,13.695,TCGA-BRCA,hsa-let-7a-5p,Normal,hsa-let-7a-5p,13.695,13.695,13.516967637128177,13.873032362871824
hsa-let-7a-5p,15.166,15.166,TCGA-BRCA,hsa-let-7a-5p,Tumor,hsa-let-7a-5p,15.166,15.166,14.987967637128177,15.344032362871824
hsa-let-7a-5p,15.048,15.048,TCGA-BRCA,hsa-let-7a-5p,Normal,hsa-let-7a-5p,15.048,15.048,14.869967637128177,15.226032362871823
hsa-let-7a-5p,14.219,14.219,TCGA-BRCA,hsa-let-7a-5p,Tumor,hsa-let-7a-5p,14.219,14.219,14.040967637128176,14.397032362871823
hsa-let-7a-5p,15.31,15.31,TCGA-BRCA,hsa-let-7a-5p,Normal,hsa-let-7a-5p,15.31,15.31,15.131967637128177,15.488032362871824
hsa-let-7a-5p,13.931,13.931,TCGA-BRCA,hsa-let-7a-5p,Normal,hsa-let-7a-5p,13.931,13.931,13.752967637128176,14.109032362871822
hsa-let-7a-5p,15.217,15.217,TCGA-BRCA,hsa-let-7a-5p,Tumor,hsa-let-7a-5p,15.217,15.217,15.038967637128177,15.395032362871824
hsa-let-7a-5p,14.947,14.947,TCGA-BRCA,hsa-let-7a-5p,Normal,hsa-let-7a-5p,14.947,14.947,14.768967637128176,15.125032362871822
hsa-let-7a-5p,14.888,14.888,TCGA-BRCA,hsa-let-7a-5p,Tumor,hsa-let-7a-5p,14.888,14.888,14.709967637128177,15.066032362871823
hsa-let-7a-5p,14.68,14.68,TCGA-BRCA,hsa-let-7a-5p,Normal,hsa-let-7a-5p,14.68,14.68,14.501967637128176,14.858032362871823
hsa-let-7a-5p,14.853,14.853,TCGA-BRCA,hsa-let-7a-5p,Tumor,hsa-let-7a-5p,14.853,14.853,14.674967637128177,15.031032362871823
hsa-let-7a-5p,15.456,15.456,TCGA-BRCA,hsa-let-7a-5p,Normal,hsa-let-7a-5p,15.456,15.456,15.277967637128176,15.634032362871823
hsa-let-7a-5p,15.115,15.115,TCGA-BRCA,hsa-let-7a-5p,Tumor,hsa-let-7a-5p,15.115,15.115,14.936967637128177,15.293032362871823
hsa-let-7a-5p,14.368,14.368,TCGA-BRCA,hsa-let-7a-5p,Normal,hsa-let-7a-5p,14.368,14.368,14.189967637128177,14.546032362871824
hsa-let-7a-5p,16.203,16.203,TCGA-BRCA,hsa-let-7a-5p,Tumor,hsa-let-7a-5p,16.203,16.203,16.024967637128174,16.381032362871824
hsa-let-7a-5p,14.493,14.493,TCGA-BRCA,hsa-let-7a-5p,Tumor,hsa-let-7a-5p,14.493,14.493,14.314967637128177,14.671032362871824
hsa-let-7a-5p,14.662,14.662,TCGA-BRCA,hsa-let-7a-5p,Normal,hsa-let-7a-5p,14.662,14.662,14.483967637128178,14.840032362871824
hsa-let-7a-5p,15.296,15.296,TCGA-BRCA,hsa-let-7a-5p,Tumor,hsa-let-7a-5p,15.296,15.296,15.117967637128176,15.474032362871823
hsa-let-7a-5p,15.012,15.012,TCGA-BRCA,hsa-let-7a-5p,Normal,hsa-let-7a-5p,15.012,15.012,14.833967637128177,15.190032362871824
hsa-let-7a-5p,15.431,15.431,TCGA-BRCA,hsa-let-7a-5p,Tumor,hsa-let-7a-5p,15.431,15.431,15.252967637128176,15.609032362871822
hsa-let-7a-5p,14.067,14.067,TCGA-BRCA,hsa-let-7a-5p,Normal,hsa-let-7a-5p,14.067,14.067,13.888967637128177,14.245032362871823
hsa-let-7a-5p,14.108,14.108,TCGA-BRCA,hsa-let-7a-5p,Tumor,hsa-let-7a-5p,14.108,14.108,13.929967637128177,14.286032362871824
hsa-let-7a-5p,15.484,15.484,TCGA-BRCA,hsa-let-7a-5p,Normal,hsa-let-7a-5p,15.484,15.484,15.305967637128177,15.662032362871823
hsa-let-7a-5p,14.956,14.956,TCGA-BRCA,hsa-let-7a-5p,Tumor,hsa-let-7a-5p,14.956,14.956,14.777967637128176,15.134032362871823
hsa-let-7a-5p,14.037,14.037,TCGA-BRCA,hsa-let-7a-5p,Tumor,hsa-let-7a-5p,14.037,14.037,13.858967637128178,14.215032362871824
hsa-let-7a-5p,15.302,15.302,TCGA-BRCA,hsa-let-7a-5p,Tumor,hsa-let-7a-5p,15.302,15.302,15.123967637128176,15.480032362871823
hsa-let-7a-5p,15.527,15.527,TCGA-BRCA,hsa-let-7a-5p,Normal,hsa-let-7a-5p,15.527,15.527,15.348967637128176,15.705032362871822
hsa-let-7a-5p,15.17,15.17,TCGA-BRCA,hsa-let-7a-5p,Tumor,hsa-let-7a-5p,15.17,15.17,14.991967637128177,15.348032362871823
hsa-let-7a-5p,13.861,13.861,TCGA-BRCA,hsa-let-7a-5p,Normal,hsa-let-7a-5p,13.861,13.861,13.682967637128177,14.039032362871824
hsa-let-7a-5p,14.656,14.656,TCGA-BRCA,hsa-let-7a-5p,Tumor,hsa-let-7a-5p,14.656,14.656,14.477967637128177,14.834032362871824
hsa-let-7a-5p,15.483,15.483,TCGA-BRCA,hsa-let-7a-5p,Normal,hsa-let-7a-5p,15.483,15.483,15.304967637128177,15.661032362871824
hsa-let-7a-5p,12.714,12.714,TCGA-BRCA,hsa-let-7a-5p,Tumor,hsa-let-7a-5p,12.714,12.714,12.535967637128177,12.892032362871824
hsa-let-7a-5p,14.38,14.38,TCGA-BRCA,hsa-let-7a-5p,Normal,hsa-let-7a-5p,14.38,14.38,14.201967637128178,14.558032362871824
hsa-let-7a-5p,16.357,16.357,TCGA-BRCA,hsa-let-7a-5p,Tumor,hsa-let-7a-5p,16.357,16.357,16.178967637128174,16.535032362871824
hsa-let-7a-5p,17.06,17.06,TCGA-BRCA,hsa-let-7a-5p,Tumor,hsa-let-7a-5p,17.06,17.06,16.881967637128174,17.238032362871824
hsa-let-7a-5p,16.291,16.291,TCGA-BRCA,hsa-let-7a-5p,Tumor,hsa-let-7a-5p,16.291,16.291,16.112967637128175,16.469032362871825
hsa-let-7a-5p,14.942,14.942,TCGA-BRCA,hsa-let-7a-5p,Tumor,hsa-let-7a-5p,14.942,14.942,14.763967637128177,15.120032362871823
hsa-let-7a-5p,15.629,15.629,TCGA-BRCA,hsa-let-7a-5p,Tumor,hsa-let-7a-5p,15.629,15.629,15.450967637128176,15.807032362871823
hsa-let-7a-5p,15.973,15.973,TCGA-BRCA,hsa-let-7a-5p,Tumor,hsa-let-7a-5p,15.973,15.973,15.794967637128178,16.151032362871824
hsa-let-7a-5p,14.436,14.436,TCGA-BRCA,hsa-let-7a-5p,Tumor,hsa-let-7a-5p,14.436,14.436,14.257967637128177,14.614032362871823
hsa-let-7a-5p,15.008,15.008,TCGA-BRCA,hsa-let-7a-5p,Tumor,hsa-let-7a-5p,15.008,15.008,14.829967637128176,15.186032362871822
hsa-let-7a-5p,14.964,14.964,TCGA-BRCA,hsa-let-7a-5p,Tumor,hsa-let-7a-5p,14.964,14.964,14.785967637128177,15.142032362871824
hsa-let-7a-5p,15.395,15.395,TCGA-BRCA,hsa-let-7a-5p,Tumor,hsa-let-7a-5p,15.395,15.395,15.216967637128176,15.573032362871823
hsa-let-7a-5p,17.224,17.224,TCGA-BRCA,hsa-let-7a-5p,Tumor,hsa-let-7a-5p,17.224,17.224,17.045967637128175,17.402032362871825
hsa-let-7a-5p,15.696,15.696,TCGA-BRCA,hsa-let-7a-5p,Tumor,hsa-let-7a-5p,15.696,15.696,15.517967637128177,15.874032362871823
hsa-let-7a-5p,16.008,16.008,TCGA-BRCA,hsa-let-7a-5p,Tumor,hsa-let-7a-5p,16.008,16.008,15.829967637128176,16.186032362871824
hsa-let-7a-5p,15.689,15.689,TCGA-BRCA,hsa-let-7a-5p,Tumor,hsa-let-7a-5p,15.689,15.689,15.510967637128177,15.867032362871823
hsa-let-7a-5p,15.14,15.14,TCGA-BRCA,hsa-let-7a-5p,Tumor,hsa-let-7a-5p,15.14,15.14,14.961967637128177,15.318032362871824
hsa-let-7a-5p,14.195,14.195,TCGA-BRCA,hsa-let-7a-5p,Tumor,hsa-let-7a-5p,14.195,14.195,14.016967637128177,14.373032362871824
hsa-let-7a-5p,16.193,16.193,TCGA-BRCA,hsa-let-7a-5p,Tumor,hsa-let-7a-5p,16.193,16.193,16.014967637128176,16.371032362871826
hsa-let-7a-5p,15.784,15.784,TCGA-BRCA,hsa-let-7a-5p,Tumor,hsa-let-7a-5p,15.784,15.784,15.605967637128177,15.962032362871824
hsa-let-7a-5p,14.309,14.309,TCGA-BRCA,hsa-let-7a-5p,Tumor,hsa-let-7a-5p,14.309,14.309,14.130967637128176,14.487032362871822
hsa-let-7a-5p,14.457,14.457,TCGA-BRCA,hsa-let-7a-5p,Tumor,hsa-let-7a-5p,14.457,14.457,14.278967637128178,14.635032362871824
hsa-let-7a-5p,15.141,15.141,TCGA-BRCA,hsa-let-7a-5p,Tumor,hsa-let-7a-5p,15.141,15.141,14.962967637128177,15.319032362871823
hsa-let-7a-5p,14.65,14.65,TCGA-BRCA,hsa-let-7a-5p,Tumor,hsa-let-7a-5p,14.65,14.65,14.471967637128177,14.828032362871824
hsa-let-7a-5p,14.851,14.851,TCGA-BRCA,hsa-let-7a-5p,Tumor,hsa-let-7a-5p,14.851,14.851,14.672967637128178,15.029032362871824
hsa-let-7a-5p,13.536,13.536,TCGA-BRCA,hsa-let-7a-5p,Tumor,hsa-let-7a-5p,13.536,13.536,13.357967637128176,13.714032362871823
hsa-let-7a-5p,15.322,15.322,TCGA-BRCA,hsa-let-7a-5p,Tumor,hsa-let-7a-5p,15.322,15.322,15.143967637128176,15.500032362871822
hsa-let-7a-5p,14.65,14.65,TCGA-BRCA,hsa-let-7a-5p,Tumor,hsa-let-7a-5p,14.65,14.65,14.471967637128177,14.828032362871824
hsa-let-7a-5p,15.32,15.32,TCGA-BRCA,hsa-let-7a-5p,Tumor,hsa-let-7a-5p,15.32,15.32,15.141967637128177,15.498032362871824
hsa-let-7a-5p,14.203,14.203,TCGA-BRCA,hsa-let-7a-5p,Tumor,hsa-let-7a-5p,14.203,14.203,14.024967637128176,14.381032362871823
hsa-let-7a-5p,14.746,14.746,TCGA-BRCA,hsa-let-7a-5p,Tumor,hsa-let-7a-5p,14.746,14.746,14.567967637128177,14.924032362871824
hsa-let-7a-5p,14.069,14.069,TCGA-BRCA,hsa-let-7a-5p,Tumor,hsa-let-7a-5p,14.069,14.069,13.890967637128178,14.247032362871824
hsa-let-7a-5p,14.121,14.121,TCGA-BRCA,hsa-let-7a-5p,Tumor,hsa-let-7a-5p,14.121,14.121,13.942967637128177,14.299032362871824
hsa-let-7a-5p,15.504,15.504,TCGA-BRCA,hsa-let-7a-5p,Tumor,hsa-let-7a-5p,15.504,15.504,15.325967637128176,15.682032362871823
hsa-let-7a-5p,14.721,14.721,TCGA-BRCA,hsa-let-7a-5p,Tumor,hsa-let-7a-5p,14.721,14.721,14.542967637128177,14.899032362871823
hsa-let-7a-5p,13.902,13.902,TCGA-BRCA,hsa-let-7a-5p,Tumor,hsa-let-7a-5p,13.902,13.902,13.723967637128176,14.080032362871822
hsa-let-7a-5p,15.853,15.853,TCGA-BRCA,hsa-let-7a-5p,Tumor,hsa-let-7a-5p,15.853,15.853,15.674967637128177,16.031032362871823
hsa-let-7a-5p,14.285,14.285,TCGA-BRCA,hsa-let-7a-5p,Tumor,hsa-let-7a-5p,14.285,14.285,14.106967637128177,14.463032362871823
hsa-let-7a-5p,16.085,16.085,TCGA-BRCA,hsa-let-7a-5p,Tumor,hsa-let-7a-5p,16.085,16.085,15.906967637128178,16.263032362871826
hsa-let-7a-5p,15.293,15.293,TCGA-BRCA,hsa-let-7a-5p,Tumor,hsa-let-7a-5p,15.293,15.293,15.114967637128176,15.471032362871822
hsa-let-7a-5p,15.099,15.099,TCGA-BRCA,hsa-let-7a-5p,Tumor,hsa-let-7a-5p,15.099,15.099,14.920967637128177,15.277032362871823
hsa-let-7a-5p,15.017,15.017,TCGA-BRCA,hsa-let-7a-5p,Tumor,hsa-let-7a-5p,15.017,15.017,14.838967637128176,15.195032362871823
hsa-let-7a-5p,13.433,13.433,TCGA-BRCA,hsa-let-7a-5p,Tumor,hsa-let-7a-5p,13.433,13.433,13.254967637128177,13.611032362871823
hsa-let-7a-5p,12.836,12.836,TCGA-BRCA,hsa-let-7a-5p,Tumor,hsa-let-7a-5p,12.836,12.836,12.657967637128177,13.014032362871824
hsa-let-7a-5p,14.856,14.856,TCGA-BRCA,hsa-let-7a-5p,Tumor,hsa-let-7a-5p,14.856,14.856,14.677967637128177,15.034032362871823
hsa-let-7a-5p,14.402,14.402,TCGA-BRCA,hsa-let-7a-5p,Tumor,hsa-let-7a-5p,14.402,14.402,14.223967637128176,14.580032362871822
hsa-let-7a-5p,14.971,14.971,TCGA-BRCA,hsa-let-7a-5p,Tumor,hsa-let-7a-5p,14.971,14.971,14.792967637128177,15.149032362871823
hsa-let-7a-5p,15.501,15.501,TCGA-BRCA,hsa-let-7a-5p,Tumor,hsa-let-7a-5p,15.501,15.501,15.322967637128176,15.679032362871823
hsa-let-7a-5p,15.638,15.638,TCGA-BRCA,hsa-let-7a-5p,Tumor,hsa-let-7a-5p,15.638,15.638,15.459967637128177,15.816032362871823
hsa-let-7a-5p,16.304,16.304,TCGA-BRCA,hsa-let-7a-5p,Tumor,hsa-let-7a-5p,16.304,16.304,16.125967637128173,16.482032362871823
hsa-let-7a-5p,15.402,15.402,TCGA-BRCA,hsa-let-7a-5p,Tumor,hsa-let-7a-5p,15.402,15.402,15.223967637128176,15.580032362871822
hsa-let-7a-5p,14.735,14.735,TCGA-BRCA,hsa-let-7a-5p,Tumor,hsa-let-7a-5p,14.735,14.735,14.556967637128176,14.913032362871823
hsa-let-7a-5p,16.152,16.152,TCGA-BRCA,hsa-let-7a-5p,Tumor,hsa-let-7a-5p,16.152,16.152,15.973967637128178,16.330032362871826
hsa-let-7a-5p,16.362,16.362,TCGA-BRCA,hsa-let-7a-5p,Tumor,hsa-let-7a-5p,16.362,16.362,16.183967637128173,16.540032362871823
hsa-let-7a-5p,16.004,16.004,TCGA-BRCA,hsa-let-7a-5p,Tumor,hsa-let-7a-5p,16.004,16.004,15.825967637128178,16.182032362871826
hsa-let-7a-5p,15.542,15.542,TCGA-BRCA,hsa-let-7a-5p,Tumor,hsa-let-7a-5p,15.542,15.542,15.363967637128177,15.720032362871823
hsa-let-7a-5p,13.309,13.309,TCGA-BRCA,hsa-let-7a-5p,Tumor,hsa-let-7a-5p,13.309,13.309,13.130967637128176,13.487032362871822
hsa-let-7a-5p,14.246,14.246,TCGA-BRCA,hsa-let-7a-5p,Tumor,hsa-let-7a-5p,14.246,14.246,14.067967637128177,14.424032362871824
hsa-let-7a-5p,15.298,15.298,TCGA-BRCA,hsa-let-7a-5p,Tumor,hsa-let-7a-5p,15.298,15.298,15.119967637128177,15.476032362871823
hsa-let-7a-5p,15.428,15.428,TCGA-BRCA,hsa-let-7a-5p,Tumor,hsa-let-7a-5p,15.428,15.428,15.249967637128178,15.606032362871824
hsa-let-7a-5p,14.739,14.739,TCGA-BRCA,hsa-let-7a-5p,Tumor,hsa-let-7a-5p,14.739,14.739,14.560967637128178,14.917032362871824
hsa-let-7a-5p,14.197,14.197,TCGA-BRCA,hsa-let-7a-5p,Tumor,hsa-let-7a-5p,14.197,14.197,14.018967637128176,14.375032362871822
hsa-let-7a-5p,16.342,16.342,TCGA-BRCA,hsa-let-7a-5p,Tumor,hsa-let-7a-5p,16.342,16.342,16.163967637128174,16.520032362871824
hsa-let-7a-5p,15.331,15.331,TCGA-BRCA,hsa-let-7a-5p,Tumor,hsa-let-7a-5p,15.331,15.331,15.152967637128176,15.509032362871823
hsa-let-7a-5p,15.068,15.068,TCGA-BRCA,hsa-let-7a-5p,Tumor,hsa-let-7a-5p,15.068,15.068,14.889967637128176,15.246032362871823
hsa-let-7a-5p,14.487,14.487,TCGA-BRCA,hsa-let-7a-5p,Tumor,hsa-let-7a-5p,14.487,14.487,14.308967637128177,14.665032362871823
hsa-let-7a-5p,14.511,14.511,TCGA-BRCA,hsa-let-7a-5p,Tumor,hsa-let-7a-5p,14.511,14.511,14.332967637128176,14.689032362871822
hsa-let-7a-5p,15.701,15.701,TCGA-BRCA,hsa-let-7a-5p,Tumor,hsa-let-7a-5p,15.701,15.701,15.522967637128177,15.879032362871824
hsa-let-7a-5p,15.72,15.72,TCGA-BRCA,hsa-let-7a-5p,Tumor,hsa-let-7a-5p,15.72,15.72,15.541967637128177,15.898032362871824
hsa-let-7a-5p,14.214,14.214,TCGA-BRCA,hsa-let-7a-5p,Tumor,hsa-let-7a-5p,14.214,14.214,14.035967637128177,14.392032362871824
hsa-let-7a-5p,15.635,15.635,TCGA-BRCA,hsa-let-7a-5p,Tumor,hsa-let-7a-5p,15.635,15.635,15.456967637128177,15.813032362871823
hsa-let-7a-5p,15.592,15.592,TCGA-BRCA,hsa-let-7a-5p,Tumor,hsa-let-7a-5p,15.592,15.592,15.413967637128177,15.770032362871824
hsa-let-7a-5p,14.729,14.729,TCGA-BRCA,hsa-let-7a-5p,Tumor,hsa-let-7a-5p,14.729,14.729,14.550967637128176,14.907032362871822
hsa-let-7a-5p,14.573,14.573,TCGA-BRCA,hsa-let-7a-5p,Tumor,hsa-let-7a-5p,14.573,14.573,14.394967637128177,14.751032362871824
hsa-let-7a-5p,14.529,14.529,TCGA-BRCA,hsa-let-7a-5p,Tumor,hsa-let-7a-5p,14.529,14.529,14.350967637128177,14.707032362871823
hsa-let-7a-5p,14.697,14.697,TCGA-BRCA,hsa-let-7a-5p,Tumor,hsa-let-7a-5p,14.697,14.697,14.518967637128176,14.875032362871822
hsa-let-7a-5p,13.005,13.005,TCGA-BRCA,hsa-let-7a-5p,Tumor,hsa-let-7a-5p,13.005,13.005,12.826967637128178,13.183032362871824
hsa-let-7a-5p,15.545,15.545,TCGA-BRCA,hsa-let-7a-5p,Tumor,hsa-let-7a-5p,15.545,15.545,15.366967637128177,15.723032362871823
hsa-let-7a-5p,13.403,13.403,TCGA-BRCA,hsa-let-7a-5p,Tumor,hsa-let-7a-5p,13.403,13.403,13.224967637128177,13.581032362871824
hsa-let-7a-5p,15.636,15.636,TCGA-BRCA,hsa-let-7a-5p,Tumor,hsa-let-7a-5p,15.636,15.636,15.457967637128176,15.814032362871822
hsa-let-7a-5p,15.919,15.919,TCGA-BRCA,hsa-let-7a-5p,Tumor,hsa-let-7a-5p,15.919,15.919,15.740967637128177,16.097032362871825
hsa-let-7a-5p,14.745,14.745,TCGA-BRCA,hsa-let-7a-5p,Tumor,hsa-let-7a-5p,14.745,14.745,14.566967637128176,14.923032362871822
hsa-let-7a-5p,14.367,14.367,TCGA-BRCA,hsa-let-7a-5p,Tumor,hsa-let-7a-5p,14.367,14.367,14.188967637128178,14.545032362871824
hsa-let-7a-5p,15.805,15.805,TCGA-BRCA,hsa-let-7a-5p,Tumor,hsa-let-7a-5p,15.805,15.805,15.626967637128176,15.983032362871823
hsa-let-7a-5p,14.481,14.481,TCGA-BRCA,hsa-let-7a-5p,Tumor,hsa-let-7a-5p,14.481,14.481,14.302967637128177,14.659032362871823
