x,y,z,value,trajectory,group
0.35,0.0,-0.9950503417429778,0.23829693169665714,0.0,early
0.35280131246951474,0.009257723245984563,-1.0233765871519505,0.28929288018736116,0.026234594184465915,early
0.35535579970146625,0.01866235945958722,-0.9879920607309163,0.4804722043768571,0.05246918836893183,early
0.35765768415564064,0.02820727797735968,-0.9453605975832161,0.3064392590832946,0.07870378255339774,early
0.35970136767117633,0.03788564620800975,-1.0874533593535252,0.5710494975371103,0.10493837673786366,early
0.3614814380817716,0.047690434516130586,-0.8764915152051158,0.2865386611349158,0.13117297092232957,early
0.36299267569717875,0.05761442131394009,-1.00053946388401,0.4550600479021355,0.1574075651067955,early
0.3642300596446253,0.0676501983573517,-1.0043655814592138,0.4942057308025535,0.1836421592912614,early
0.3651887740639073,0.07779017624250711,-1.0269099117745237,0.4529699027735705,0.20987675347572732,early
0.36586421415000525,0.08802659009871448,-0.9036958189245878,0.39141907007741955,0.23611134766019323,early
0.3662519920371859,0.09835150547355054,-0.9146159935321966,0.6512030414511469,0.26234594184465915,early
0.36634794251867286,0.10875682440570406,-0.875959832693544,0.4525420095729449,0.28858053602912503,early
0.3661481285960911,0.11923429168095998,-0.8925525417229545,0.523314481130072,0.314815130213591,early
0.3656488468530188,0.12977550126654852,-0.9258689727608318,0.35921963454112227,0.3410497243980569,early
0.3648466326471173,0.14037190291891333,-0.9174496806528121,0.540862583680423,0.3672843185825228,early
0.36373826511544377,0.15101480895978442,-0.8765576121759671,0.3590965312845007,0.3935189127669887,early
0.36232077198770035,0.16169540121527926,-0.9808404956672568,0.7198751947344098,0.41975350695145464,early
0.3605914342023192,0.1724047381125952,-0.9264489636329483,0.6596524967832051,0.4459881011359206,early
0.35854779032043793,0.1831337619287027,-0.8962943761734363,0.7749821105328637,0.47222269532038647,early
0.35618764073297665,0.19387330618529564,-0.9418705013005968,0.6088879145192473,0.49845728950485235,early
0.353509051656194,0.20461410318411186,-0.8669297521977584,0.757773997701001,0.5246918836893183,early
0.35051035891126164,0.21534679167659249,-0.9268709317843614,0.8156390019140507,0.5509264778737842,early
0.3471901714835731,0.22606192466171296,-0.8608847881297308,0.5320916123989345,0.5771610720582501,early
0.34354737485767467,0.2367499773056876,-0.8883266942041707,0.5917291149281818,0.603395666242716,early
0.33958113412388735,0.24740135497711926,-0.8645219331321201,0.5691172455738647,0.629630260427182,early
0.33529089685287167,0.25800640139104797,-0.9788462312492539,0.773748106197144,0.6558648546116479,early
0.33067639573457464,0.2685554068552311,-0.9349163914562814,0.8129791669170522,0.6820994487961138,early
0.3257376509781868,0.2790386166118792,-0.7981358943514093,0.7588741814003253,0.7083340429805797,early
0.3204749724699345,0.28944623926796553,-0.8636363238812833,0.5710544401138676,0.7345686371650456,early
0.31488896168572617,0.29976845530712326,-0.8747120825359581,0.6942783832658673,0.7608032313495116,early
0.3089805133558738,0.309995425676055,-0.8075224230285305,0.6811880966672178,0.7870378255339774,early
0.30275081687931416,0.32011730043828446,-0.8158026154103485,0.5756442480011362,0.8132724197184433,early
0.2962013574849575,0.33012422748800013,-0.8591729484893015,0.8569518295482181,0.8395070139029093,early
0.2893339171380041,0.340006361316663,-0.8904637678063938,0.9730045969672207,0.8657416080873752,early
0.28215057518927594,0.3497538718249767,-0.7297343070258894,0.9326300890039334,0.8919762022718412,early
0.2746537087658264,0.3593569531727546,-0.8014586517823623,0.6578351145571406,0.918210796456307,early
0.2668459929013064,0.3688058326591605,-0.9327366678494766,0.8797014478458713,0.9444453906407729,early
0.2587304004047793,0.3780907796257399,-0.7835569153069691,0.5108326964502832,0.9706799848252389,early
0.25031020146690125,0.38720211437462176,-0.7833276449223258,0.5917062019248661,0.9969145790097047,early
0.24158896300259752,0.3961302170942197,-0.7761127395472703,0.806036384944119,1.0231491731941706,early
0.2325705477295943,0.40486553678473397,-0.8446929813532421,0.6465864166996795,1.0493837673786366,early
0.22325911298238174,0.41339860017572544,-0.7276908974720668,0.706613841167209,1.0756183615631025,early
0.21365910926141307,0.4217200206280089,-0.8563622195536419,0.9521487939919238,1.1018529557475685,early
0.20377527851756697,0.4298205070121023,-0.7343255969939773,0.722925100115377,1.1280875499320344,early
0.19361265217212717,0.43769087255545575,-0.7849500314552129,0.8221272910293543,1.1543221441165001,early
0.1831765488727571,0.4453220436506831,-0.6961763677013209,0.727657410538088,1.180556738300966,early
0.17247257198617783,0.4527050686170247,-0.8168448932944654,0.8257922090261853,1.206791332485432,early
0.16150660682847853,0.4598311264072779,-0.7472542282472018,0.8589081255136475,1.233025926669898,early
0.15028481763421986,0.46669153525245227,-0.7338612541922896,0.7229951974996789,1.259260520854364,early
0.13881364426571358,0.4732777612364278,-0.7994882710898291,0.6499653663770409,1.2854951150388298,early
0.12709979866408833,0.47958142679292487,-0.7748989799889887,0.8253234967572671,1.3117297092232958,early
0.1151502610439767,0.4855943191171352,-0.7959617636912625,0.6086462388382565,1.3379643034077617,early
0.10297227583388141,0.4913083984844005,-0.7379024801181582,0.8724687932756128,1.3641988975922277,early
0.0905733473645035,0.49671580646838115,-0.7207958734181255,0.7869599937489765,1.3904334917766934,early
0.07796123530753453,0.5018088740512099,-0.7751194019112323,0.8346593150827932,1.4166680859611593,early
0.06514394986763851,0.5065801296181892,-0.7323753882778608,0.5629239165297386,1.4429026801456253,early
0.05212974673056411,0.5110223068296624,-0.7835561254873021,0.9289600688838958,1.4691372743300912,early
0.03892712177054817,0.5151283523627599,-0.7754204201844512,0.6973762215582455,1.4953718685145572,early
0.025544805520384756,0.5188914335158071,-0.8550211821322694,0.7007703184145037,1.521606462699023,early
0.011991757407747338,0.5223049456682702,-0.8056199876462921,0.5362829061688497,1.547841056883489,early
-0.0017228402384377097,0.5253625195892031,-0.7711249584774132,0.6980576862999316,1.5740756510679548,early
-0.015589588407560535,0.5280580285872685,-0.7197094520868372,0.6280624410871779,1.6003102452524207,early
-0.02959887784862687,0.5303855954955062,-0.6304921002340169,0.8704097039101582,1.6265448394368867,early
-0.04374089572887473,0.5323395994841377,-0.7010808889916875,0.710504146292385,1.6527794336213526,early
-0.05800563250509329,0.5339146826948111,-0.707253206339551,0.6672151160172612,1.6790140278058185,early
-0.07238288900283436,0.5351057566898202,-0.6873722816933894,0.8912937411794566,1.7052486219902845,early
-0.08686228369851338,0.5359080087099559,-0.7878471347159859,0.5772466758348831,1.7314832161747504,early
-0.10143326019920729,0.5363169077347881,-0.696366507541495,0.6062922687177151,1.7577178103592164,early
-0.11608509491477086,0.5363282103393151,-0.7468676328313515,0.665134425612076,1.7839524045436823,early
-0.13080690491671146,0.535937966341066,-0.7247155103886627,0.8817117397283882,1.810186998728148,early
-0.14558765597808454,0.5351425242318929,-0.5636256907825526,0.6607824785972755,1.836421592912614,early
-0.16041617078849651,0.5339385363888465,-0.5704728722782605,0.7399632872443584,1.86265618709708,early
-0.1752811373381363,0.5323229640586944,-0.6181975846162491,0.6705254865620911,1.8888907812815459,early
-0.19017111746458748,0.5302930821108044,-0.639757758735665,0.6078058372277104,1.9151253754660118,early
-0.20507455555601606,0.5278464835532911,-0.6376337693698305,0.7099516687720425,1.9413599696504777,early
-0.21997978740417098,0.5249810838075014,-0.7212683008404164,0.7674253016850028,1.9675945638349437,early
-0.23487504920048635,0.521695124736093,-0.7341997038235719,0.5782793288057154,1.9938291580194094,early
-0.2497484866684267,0.5179871784201509,-0.6343009376800749,0.7403646842106666,2.0200637522038756,early
-0.264588164325076,0.5138561506809757,-0.6767272104440009,0.45791551613234127,2.0462983463883413,early
-0.279382074864841,0.5093012843423709,-0.6920102823106155,0.6177194239105782,2.0725329405728075,early
-0.29411814865799984,0.5043221622294589,-0.6457379243311349,0.8383568921770962,2.098767534757273,early
-0.3087842633567157,0.49891870990025483,-0.6407784485771153,0.7056076809067393,2.125002128941739,early
-0.3233682536010055,0.4930911981064383,-0.620588144302154,0.8070940700443233,2.151236723126205,early
-0.33785792081704585,0.48684024497997,-0.6718290078558926,0.8617787646788198,2.177471317310671,early
-0.35224104310009613,0.48016681794241334,-0.6219260348116672,0.8052361893452825,2.203705911495137,early
-0.36650538517420633,0.4730722353340447,-0.6928344456972507,0.7646273320765846,2.2299405056796027,early
-0.3806387084207965,0.4655581677600473,-0.5403775364521396,0.8038003396571723,2.256175099864069,early
-0.3946287809680928,0.45762663915131435,-0.5183467353313902,0.7318627522173378,2.2824096940485346,early
-0.4084633878333364,0.44928002753760826,-0.6712743772221508,0.6709412069162501,2.3086442882330003,early
-0.42213034110959197,0.440521065531054,-0.5748834818098506,0.7951731640478483,2.3348788824174664,early
-0.4356174901889232,0.4313528405181756,-0.6092918681942183,0.754719008361722,2.361113476601932,early
-0.44891273201363874,0.4217787945589137,-0.5847219596337686,0.7193391686052315,2.3873480707863983,early
-0.4620040213472471,0.41180272399130696,-0.583285220825465,0.8756879812054967,2.413582664970864,early
-0.47487938105672356,0.4014287787407432,-0.5109825572965605,0.7272802268323244,2.43981725915533,early
-0.48752691239763335,0.39066146133294183,-0.5448830323568418,0.9615586939320027,2.466051853339796,early
-0.4999348052936351,0.3795056256100519,-0.6257018575913031,0.5171151497637321,2.492286447524262,early
-0.512091348601844,0.3679664751495081,-0.5642914065192196,0.7851131075401255,2.518521041708728,early
-0.5239849403555248,0.356049561385515,-0.5656675353185371,0.6617547979425461,2.5447556358931935,early
-0.5356040979755596,0.3437607814332869,-0.6080190072208783,0.7631669567863525,2.5709902300776597,early
-0.54693746844213,0.33110637561640494,-0.5433764561364374,0.5892055479473077,2.5972248242621254,early
-0.5579738384180557,0.31809292469790107,-0.5525155860045006,0.7935800192052445,2.6234594184465916,early
-0.568702144315227,0.3047273468159294,-0.4651032669134245,0.762948730309579,2.6496940126310573,early
-0.5791114822955916,0.2910168941251184,-0.5534435343825781,0.6641656592735887,2.6759286068155235,early
-0.5891911181981655,0.27696914914495835,-0.5112230977635296,0.5133171390853767,2.702163200999989,early
-0.5989304973835745,0.2625920208168074,-0.668066375099721,0.5776722500705512,2.7283977951844554,early
-0.6083192544876534,0.24789374027135977,-0.6293622775468023,0.4743924532788266,2.754632389368921,early
-0.6173472230756832,0.2328828563086485,-0.5045832918823638,0.5490997016967833,2.780866983553387,early
-0.6260044451888813,0.21756823059291136,-0.5119856567726833,0.34073896946972493,2.807101577737853,early
-0.6342811807748265,0.2019590325648832,-0.4607109320506493,0.3717950369082106,2.8333361719223187,early
-0.6421679169935478,0.1860647340743167,-0.5798861211169297,0.3249165286767962,2.859570766106785,early
-0.6496553773910879,0.16989510373578384,-0.5233522033780061,0.5860234074769676,2.8858053602912506,early
-0.656734530932415,0.15346020101103203,-0.6513171825221886,0.48261198679746187,2.9120399544757167,early
-0.663396600885646,0.1367703700214221,-0.5474818387309115,0.25574648260133864,2.9382745486601825,early
-0.669633073549631,0.11983623309419168,-0.5187976929246518,0.38255070184031925,2.964509142844648,early
-0.6754357068170391,0.10266868404653506,-0.49412305045968347,0.5454347546120539,2.9907437370291143,early
-0.6807965385651972,0.08527888121170904,-0.5171073728017421,0.3487132326022321,3.01697833121358,early
-0.6857078948670303,0.06767824021160139,-0.42208569787831235,0.1964711280917826,3.043212925398046,early
-0.6901623980145781,0.04987842648043264,-0.5617123878519164,0.24184673132635282,3.069447519582512,early
-0.6941529743476744,0.031891347544465036,-0.5473407267797389,0.3177965816263501,3.095682113766978,early
-0.69767286188051,0.01372914506282999,-0.438244969854061,0.40823316225862744,3.121916707951444,early
-0.7007156177189336,-0.004595813365220157,-0.48412453406047307,0.15605033676727548,3.1481513021359095,early
-0.7032751252614798,-0.02307094262110249,-0.37669627871469363,-0.023728429564173203,3.1743858963203757,early
-0.705345601177269,-0.04168344871000614,-0.4110535074821356,0.22985975921136043,3.2006204905048414,early
-0.7069216021540673,-0.0604203376203746,-0.4279524302724884,0.12971754458065743,3.2268550846893076,early
-0.7079980314099618,-0.07926842439362498,-0.5462689556921196,-0.05915904044951084,3.2530896788737733,early
-0.7085701449622611,-0.09821434239778494,-0.47599187163638795,-0.07507575407952707,3.2793242730582395,early
-0.7086335576474131,-0.11724455279851718,-0.4183676178580689,0.014649056772669068,3.305558867242705,early
-0.7081842488858938,-0.13634535422083685,-0.4685889554655518,-0.14703645257626952,3.3317934614271714,early
-0.707218568186216,-0.15550289259462516,-0.40854105188144657,-0.14277395577601762,3.358028055611637,early
-0.7057332403823803,-0.17470317117688713,-0.4030237212569977,0.033606401312635516,3.384262649796103,early
-0.7037253705992934,-0.19393206074351255,-0.4663678575969389,0.05599952870464457,3.410497243980569,early
-0.7011924489408669,-0.21317530994314413,-0.4788272526624687,-0.03226756553370196,3.4367318381650347,early
-0.6981323548957163,-0.23241855580559706,-0.3494659208688221,-0.22016347547473358,3.462966432349501,early
-0.694543361455586,-0.251647334397108,-0.40012753834976095,-0.10830953994686403,3.4892010265339666,early
-0.690424138941832,-0.27084709161455994,-0.39523970732768315,-0.34246135237330766,3.5154356207184327,early
-0.6857737585355199,-0.29000319411066583,-0.336363855909247,-0.1360030637999161,3.5416702149028985,early
-0.680591695506901,-0.30910094034197666,-0.2855691981807775,-0.30436746773409634,3.5679048090873646,early
-0.67487783214027,-0.32812557173142914,-0.5536341511678408,-0.014876461032869603,3.5941394032718303,early
-0.6686324603504179,-0.3470622839370395,-0.2933086831180922,-0.22010522210338554,3.620373997456296,early
-0.6618562839871428,-0.36589623821821715,-0.31620682211589857,-0.2614184930104081,3.6466085916407622,early
-0.654550420824503,-0.38461257289106715,-0.3893536458756932,-0.34177781797724605,3.672843185825228,early
-0.6467164042317424,-0.4031964148639461,-0.29634000999857496,-0.24412981624755653,3.699077780009694,early
-0.6383561845230602,-0.4216328912444242,-0.3676403625367881,-0.5176223959839292,3.72531237419416,early
-0.6294721299836378,-0.43990714100873224,-0.26231496092762596,-0.541720418893703,3.751546968378626,early
-0.6200670275695912,-0.45800432672466496,-0.285295156986861,-0.624311965827893,3.7777815625630917,early
-0.6101440832797587,-0.4759096463188537,-0.3244171796853931,-0.4897990326551093,3.8040161567475574,early
-0.5997069221974968,-0.49360834487923255,-0.3820279145779187,-0.6775622699748685,3.8302507509320236,early
-0.5887595882009058,-0.5110857264834645,-0.3349454314953842,-0.6064809653982471,3.8564853451164893,early
-0.5773065433401657,-0.5283271660440393,-0.38823012902516213,-0.6048625818205077,3.8827199393009555,early
-0.565352666880929,-0.5453181211606927,-0.3733302918937435,-0.5162747181957454,3.908954533485421,early
-0.5529032540129664,-0.562044143970769,-0.31593498069544024,-0.9599308180767795,3.9351891276698874,early
-0.5399640142235408,-0.5784908929880921,-0.32991979541773275,-0.8978625703254977,3.961423721854353,early
-0.5265410693352314,-0.5946441449209059,-0.3577797573956251,-0.6532699905039948,3.987658316038819,early
-0.5126409512082106,-0.6104898064593983,-0.21431168051683905,-0.5644795591249248,4.0138929102232845,early
-0.49827059910723553,-0.6260139260233294,-0.3419645371349198,-0.7985952957617668,4.040127504407751,early
-0.4834373567338839,-0.6412027054602616,-0.3060223588295724,-0.8594276236120569,4.066362098592217,early
-0.4681489689248301,-0.6560425116849093,-0.2999424925148927,-0.9306577696342186,4.092596692776683,early
-0.45241357801723364,-0.6705198882501079,-0.42674110739308907,-0.8033249312553364,4.118831286961148,early
-0.436239719882569,-0.6846215668399454,-0.1338321719143092,-0.9506945602417453,4.145065881145615,early
-0.4196363196305045,-0.6983344786756023,-0.3208879053495481,-1.0907391638741861,4.171300475330081,early
-0.40261268698469177,-0.7116457658244916,-0.23753557671310552,-0.8654557388959132,4.197535069514546,early
-0.38517851133261594,-0.7245427924033165,-0.40637663661990775,-1.138612218427271,4.223769663699012,early
-0.3673438564519003,-0.7370131556657188,-0.2829273497567058,-1.016213030857553,4.250004257883478,early
-0.3491191549157394,-0.7490446969652409,-0.36670136517005575,-1.0744079222765852,4.276238852067944,early
-0.33051520218039665,-0.7606255125843862,-0.29434331878544795,-1.2141045138950897,4.30247344625241,early
-0.31154315035795405,-0.7717439644206318,-0.18346451027703084,-1.1031962707322367,4.328708040436876,early
-0.2922145016777859,-0.7823886905203217,-0.20803619003064297,-1.1797777875675894,4.354942634621342,early
-0.27254110164046225,-0.7925486154514537,-0.21322001637559967,-1.0390837296002813,4.381177228805808,early
-0.252535131868067,-0.8022129605064657,-0.2158851042641381,-1.0143185298665685,4.407411822990274,early
-0.23220910265514874,-0.8113712537262228,-0.34674798133415735,-1.109508841325596,4.43364641717474,early
-0.21157584522480324,-0.8200133397365121,-0.3053227364860213,-1.089997756667825,4.459881011359205,early
-0.19064850369460878,-0.8281293893884676,-0.19970330324444804,-1.146006011564761,4.486115605543671,early
-0.16944052675740046,-0.8357099091944643,-0.14640293642486957,-1.43775276259093,4.512350199728138,early
-0.14796565908211132,-0.8427457505511504,-0.19620893214731744,-1.3214636435023261,4.538584793912603,early
-0.12623793244013634,-0.849228118741419,-0.18485221028961743,-1.2239317416632027,4.564819388097069,early
-0.10427165656293726,-0.8551485817072612,-0.18180218479021776,-1.2630778545711563,4.591053982281535,early
-0.08208140973681535,-0.8604990785855905,-0.16810924169513697,-1.1533903015534512,4.6172885764660005,early
-0.05968202914102402,-0.8652719279992862,-0.17667820225748365,-1.3241367645696354,4.643523170650467,early
-0.03708860093561859,-0.8694598360958564,-0.26736311461324275,-1.091366910993331,4.669757764834933,early
-0.014316450105648271,-0.873055904326301,-0.1381870359515429,-1.3226557394195555,4.695992359019399,early
0.008618869931461487,-0.8760536369569157,-0.24617487748904252,-1.424384160538016,4.722226953203864,early
0.03170158794830209,-0.8784469483069697,-0.2757236249506417,-1.2056934515925084,4.748461547388331,early
0.05491572575238686,-0.8802301697053686,-0.1753622693050398,-1.3153316900121703,4.774696141572797,early
0.07824510924612314,-0.8813980561596114,-0.25864090775520254,-1.271282092275335,4.800930735757262,early
0.10167337969418054,-0.881945792730547,-0.23901073202218337,-1.052790570960001,4.827165329941728,early
0.12518400519041892,-0.8818690006066379,-0.16351817927556123,-1.1822906366541568,4.853399924126194,early
0.148760292316337,-0.8811637428716544,-0.2144817996426456,-1.17195489121902,4.87963451831066,early
0.17238539798282054,-0.8798265299599314,-0.21402482569419792,-1.154822657288889,4.905869112495126,early
0.19604234144680976,-0.877854324793545,-0.12880423619367748,-1.3666637008304052,4.932103706679592,early
0.21971401649430716,-0.8752445475959911,-0.08504670058378146,-1.2630128916192185,4.958338300864058,early
0.24338320378101233,-0.8719950803771775,-0.10331627005899426,-1.2559541652099624,4.984572895048524,early
0.26703258332169033,-0.86810427108478,-0.0887946756310825,-1.0625824195574491,5.01080748923299,early
0.29064474711925165,-0.8635709374172491,-0.2271951872467115,-1.16710978091854,5.037042083417456,early
0.3142022119243472,-0.858394370294004,-0.09447226070231288,-1.0904827572382774,5.063276677601921,early
0.3376874321161751,-0.8525743369785957,-0.13000942471743196,-1.0979757441117093,5.089511271786387,early
0.36108281269504294,-0.8461110838508772,-0.16774968914360866,-1.1670253469072664,5.115745865970854,early
0.384370722377112,-0.8390053388244751,-0.13835438739522707,-0.8984842726467102,5.141980460155319,early
0.40753350678164285,-0.8312583134061169,-0.13871569944245837,-0.8644605899019665,5.168215054339785,early
0.43055350170092677,-0.8228717043936378,-0.17421293039934838,-0.8840718225227333,5.194449648524251,early
0.45341304644301234,-0.8138476952097526,-0.2237744269136851,-0.8235201582870133,5.2206842427087174,early
0.47609449723721886,-0.8041889568689584,-0.0800710921002081,-1.0506290091955839,5.246918836893183,early
0.4985802406923619,-0.7938986485751937,-0.08245246836997723,-0.8807843570772746,5.273153431077649,early
0.5208527072975084,-0.7829804179481767,-0.01354070986137254,-0.7905029072688643,5.299388025262115,early
0.542894384955032,-0.7714384008766098,-0.020461250281994997,-0.7362561254950108,5.32562261944658,early
0.5646878325356596,-0.7592772209967216,-0.07324611191827766,-1.0447541036485335,5.351857213631047,early
0.586215693445142,-0.7465019887949152,-0.028796646256602297,-0.969232257819993,5.378091807815513,early
0.6074607091921459,-0.7331183003335542,0.01696111573702845,-0.6948207352128102,5.404326401999978,early
0.6284057329469008,-0.7191322355992313,-0.1125642222966213,-0.8922667502897266,5.430560996184444,early
0.6490337430801217,-0.7045503564731391,-0.08213493146259764,-0.8641118480509616,5.456795590368911,early
0.6693278566716855,-0.6893797043234546,-0.045709958297982446,-0.7992111436688363,5.483030184553376,early
0.689271342978542,-0.6736277972199433,-0.1389062181426156,-0.5681618225465236,5.509264778737842,early
0.7088476368513031,-0.6573026267712867,-0.11796867147808682,-0.6102228573549046,5.535499372922308,early
0.7280403520889784,-0.6404126545859207,-0.008759161532466406,-0.6812015825015354,5.561733967106774,early
0.7468332947213177,-0.6229668083574715,-0.06979839858895615,-0.6052033864163054,5.58796856129124,early
0.7652104762082358,-0.6049744775761752,-0.012265492757854834,-0.43972024667079634,5.614203155475706,early
0.7831561265458333,-0.5864455088679431,-0.041845301067662315,-0.6437329914816055,5.640437749660172,early
0.8006547072685294,-0.5673902009630558,0.04356642747491096,-0.5456094763462251,5.666672343844637,early
0.8176909243368944,-0.5478192992967377,-0.009520978345741303,-0.6940749547769394,5.692906938029103,early
0.8342497409007953,-0.5277439902441673,-0.013511332617656448,-0.3505060990011824,5.71914153221357,early
0.8503163899275303,-0.5071758949927758,-0.033632350210770115,-0.34884972140797776,5.745376126398035,early
0.8658763866846988,-0.4861270630549557,-0.07398771714862637,-0.5955463319417655,5.771610720582501,early
0.8809155410676093,-0.46460996542462185,-0.10090355836389546,-0.3636256450462965,5.797845314766967,early
0.8954199697611286,-0.44263748738132386,0.15649141964990151,-0.6125379658109792,5.8240799089514335,early
0.9093761082259433,-0.4202229209459174,0.019848280776090296,-0.32943657035596796,5.850314503135899,early
0.9227707224993221,-0.3973799569920633,0.06722044419053916,-0.17380652757939996,5.876549097320365,early
0.9355909208005497,-0.3741226770181323,-0.04313489376935674,-0.4066825692855411,5.902783691504831,early
0.9478241649313317,-0.35046554458434437,0.042612390804984704,-0.34431242482522934,5.929018285689296,early
0.9594582814615884,-0.32642339642026375,0.04180444096865456,-0.08168176239010141,5.955252879873763,early
0.9704814726911697,-0.30201143320804236,-0.028465257028783462,-0.21317414065636592,5.981487474058229,early
0.9808823273781808,-0.27724521004705865,0.14895381513552075,-0.10595460471016362,6.007722068242694,early
0.9906498312247287,-0.2521406266058941,0.1219016466417225,0.03946686658074279,6.03395666242716,early
0.9997733771110687,-0.22671391696781967,0.027215729648749364,0.19381951097956332,6.060191256611627,early
1.0082427750692786,-0.20098163917625192,0.10838678314309604,-0.0383142011264883,6.086425850796092,early
1.0160482619877582,-0.1749606644868624,0.11700248677084513,0.14309899260218667,6.112660444980558,early
1.0231805110380179,-0.14866816633331098,0.0857767023610393,0.34729699796927593,6.138895039165024,early
1.0296306408154123,-0.12212160901378648,0.08727301517139738,0.16631002036384288,6.16512963334949,early
1.0353902241856503,-0.09533873610579682,0.06804258614864753,0.14693702966230682,6.191364227533956,early
1.040451296829111,-0.06833755861688823,0.06443268251670664,0.07341400320806073,6.217598821718422,early
1.0448063654752013,-0.04113634287918503,-0.017795005842113687,0.3181056634906125,6.243833415902888,early
1.0484484158191867,-0.013753598195899986,0.04725523723936212,0.21209179002273307,6.270068010087353,early
1.0513709201141532,0.013791935751846231,0.10519984558062506,0.38188248924960844,6.296302604271819,transition
1.0535678444309682,0.041481301729325355,0.06689663778769878,0.47787636191146865,6.322537198456286,transition
1.0550336555793438,0.06929533799484083,0.15256825695788567,0.2512700934776864,6.348771792640751,transition
1.0557633276833298,0.09721469155974122,0.09675282317671,0.35271688524481387,6.375006386825217,transition
1.0557523484048097,0.12521983165261352,0.04510281556781145,0.38486040941823313,6.401240981009683,transition
1.0549967248088112,0.15329106337830484,0.024762066696793344,0.4513288605712703,6.4274755751941495,transition
1.0534929888646989,0.18140854156221137,0.04867533532670439,0.4252989598130619,6.453710169378615,transition
1.0512382025775633,0.20955228477012233,0.10657577435603025,0.2718038365812735,6.479944763563081,transition
1.0482299627443918,0.23770218949370156,0.10035370947272565,0.4307663133619992,6.506179357747547,transition
1.0444664053298607,0.26583804449156045,-0.04553099050986878,0.47118498684054133,6.532413951932012,transition
1.039946209456867,0.29393954527569927,0.15468262496223353,0.48442119397843336,6.558648546116479,transition
1.0346686010071924,0.32198630873294565,0.22218751474640064,0.3897889511685999,6.584883140300945,transition
1.028633355827961,0.34995788787089604,0.08947126437801542,0.4192956116126525,6.61111773448541,transition
1.0218408025398524,0.37783378667769835,0.16349961527836845,0.6126439149629386,6.637352328669876,transition
1.0142918249433077,0.40559347508492266,0.09377486260315453,0.28476120928932613,6.663586922854343,transition
1.005987864019261,0.43321640402262074,0.22270063348057645,0.629486789683572,6.6898215170388085,transition
0.9969309195212199,0.46068202055559043,0.10119713038589075,0.55492963270978,6.716056111223274,transition
0.9871235511558305,0.48796978308972616,0.14281149406417487,0.5877092994508305,6.74229070540774,transition
0.9765688793493454,0.5150591766372729,0.24440228735301156,0.4236323422894797,6.768525299592206,transition
0.9652705855977323,0.5419297281296971,0.21870190344628904,0.5904517409497347,6.794759893776672,transition
0.9532329123984637,0.5685610217668096,0.1480936171862353,0.5742613491741126,6.820994487961138,transition
0.9404606627623321,0.5949327143907234,0.24568129332173266,0.797451880173663,6.847229082145604,transition
0.9269591993039628,0.6210245508731387,0.21440814133560201,0.8986931240803141,6.873463676330069,transition
0.912734442909991,0.6468163795044221,0.2443539598179178,0.6645657368771254,6.899698270514536,transition
0.8977928709842076,0.6722881673728851,0.2771558431490514,0.9432445818977684,6.925932864699002,transition
0.8821415152692693,0.6974200157226472,0.28747355833673816,0.7779405574719954,6.952167458883467,transition
0.865787959244923,0.7221921752784214,0.14065998578603744,0.6832699061821869,6.978402053067933,transition
0.8487403351029768,0.7465850615255605,0.14846928065208412,0.7984120223203286,7.004636647252399,transition
0.8310073202995999,0.7705792699336856,0.2346854743057107,0.714511586906036,7.0308712414368655,transition
0.8125981336858473,0.7941555911122157,0.18946173980451247,0.7977389852292819,7.057105835621331,transition
0.7935225312176102,0.817295025886134,0.02297036265367028,0.8694082122915215,7.083340429805797,transition
0.7737908012465521,0.8399788002803332,0.2749497584754399,0.6461047937501155,7.109575023990263,transition
0.753413759393874,0.862188380400915,0.1449881547827584,0.6706183616046245,7.135809618174729,transition
0.7324027430091027,0.8839054872018526,0.2076355662921583,0.8682035720397794,7.162044212359195,transition
0.7107696052163959,0.905112111125475,0.18886495366345885,0.6393841685325317,7.188278806543661,transition
0.6885267085512016,0.9257905266052693,0.2133620403062222,0.5643901006268711,7.214513400728126,transition
0.6656869181904076,0.945923306419576,0.27632398578562617,0.6549783415598502,7.240747994912592,transition
0.6422635947794446,0.9654933358848149,0.13475526447002562,0.7371578326728084,7.266982589097059,transition
0.6182705868601304,0.984483826876955,0.22893531786782964,0.7795945937596793,7.2932171832815245,transition
0.5937222229033335,1.002878331670046,0.1601162906916661,0.8306643540653883,7.31945177746599,transition
0.5686333029508832,1.0206607565807018,0.23669708574568457,0.8450047948806056,7.345686371650456,transition
0.543019089871429,1.0378153754075539,0.2771163562431628,0.766516636266424,7.371920965834922,transition
0.5168953002352797,1.0543268426547987,0.32394503762896454,0.8853639692160248,7.398155560019388,transition
0.49027809481356044,1.0701802065290813,0.25571680143371694,0.5102185747624162,7.424390154203854,transition
0.46318406870730244,1.0853609216991,0.42363264304600995,0.7482215283710447,7.45062474838832,transition
0.43563024111242094,1.099854861807447,0.3350981534102841,0.6397908945276679,7.476859342572785,transition
0.4076340447267906,1.1136483317243553,0.35787572083122615,0.7193092657977501,7.503093936757252,transition
0.3792133148059517,1.1267280795331711,0.33255185853734853,0.8900274579853699,7.529328530941718,transition
0.35038627787423693,1.1390813082375515,0.2772269556268034,0.6415961004108857,7.555563125126183,transition
0.3211715400984299,1.1506956871805372,0.2685691725498738,0.8398502988704966,7.581797719310649,transition
0.29158807533131187,1.1615593631658538,0.24684355943682942,0.6555411207713931,7.608032313495115,transition
0.261655212832744,1.1716609712719697,0.3080704676696098,0.7905611472890074,7.6342669076795815,transition
0.23139262467620605,1.1809896453496391,0.12804649767798607,0.6231952135014287,7.660501501864047,transition
0.20082031284895488,1.1895350281938686,0.2859378853260613,0.809084229207009,7.686736096048513,transition
0.16995859605426092,1.1972872813814484,0.3177010910259601,0.9753328573335307,7.712970690232979,transition
0.13882809622439912,1.2042370947654137,0.24032267930923248,0.8186240470492818,7.739205284417445,transition
0.10744972475334615,1.2103756956180296,0.26423441671937187,0.6649823676748469,7.765439878601911,transition
0.07584466845834988,1.2156948574141255,0.3573413789959216,0.7305614981088787,7.791674472786377,transition
0.04403437527981065,1.2201869082468382,0.3739277943633198,0.7867772897178642,7.817909066970842,transition
0.012040539729106514,1.2238447388680849,0.3607310864329315,0.7928745994577331,7.844143661155308,transition
-0.02011491190576069,1.2266618103463256,0.21009546883665572,0.7795173962271186,7.870378255339775,transition
-0.052409836586605085,1.2286321613344469,0.46249327580897887,0.6507422780538606,7.8966128495242405,transition
-0.08482188977330084,1.2297504149408558,0.34152308794345326,0.853330715937654,7.922847443708706,transition
-0.1173285408833086,1.2300117851971546,0.5407333392079083,0.562048236608253,7.949082037893172,transition
-0.14990708895180488,1.2294120831160371,0.3618690582273088,0.7123237583478573,7.975316632077638,transition
-0.1825346784815242,1.227947722333337,0.40129283641424285,0.7664250087350618,8.001551226262103,transition
-0.21518831547125095,1.225615724328445,0.34655546510807206,0.8354079513391874,8.027785820446569,transition
-0.24784488361172616,1.2224137232176095,0.41607599147574925,0.6468313971171621,8.054020414631037,transition
-0.2804811606375548,1.218339970114934,0.4855110788228012,0.8189741839855498,8.080255008815502,transition
-0.31307383482358775,1.213393337056185,0.41620777095464856,0.9565497398356683,8.106489602999968,transition
-0.34559952161402707,1.2075733204808459,0.4522075639567938,0.6685001542607999,8.132724197184434,transition
-0.3780347803724413,1.2008800442681495,0.4360533230802077,0.8276546274310929,8.1589587913689,transition
-0.4103561312406965,1.1933142623231563,0.3008962545754888,0.7262509814038525,8.185193385553365,transition
-0.44254007209470403,1.1848773607092538,0.44302077914950244,0.9143897558815695,8.211427979737831,transition
-0.474563095584767,1.1755713593237898,0.36819620684602133,0.5573918277137682,8.237662573922297,transition
-0.5064017062482018,1.1653989131138747,0.4436862786731239,0.6805825461250921,8.263897168106762,transition
-0.5380324376818174,1.1543633128297208,0.35927286046552337,0.595522164494172,8.29013176229123,transition
-0.5694318697617305,1.1424684853132303,0.5034917029594876,0.540566284429945,8.316366356475696,transition
-0.6005766458979617,1.129718993319864,0.3943685162209683,0.8869146776902573,8.342600950660161,transition
-0.6314434903111121,1.1161200348721916,0.5578571371801853,0.7762435907160097,8.368835544844627,transition
-0.6620092253184375,1.101677442143842,0.41528728658275876,0.776811628106756,8.395070139029093,transition
-0.6922507886165342,1.0863976798729282,0.4931581480690807,0.8242264951720802,8.421304733213558,transition
-0.7221452505478332,1.070287843304373,0.3668389643187097,0.5340841625678394,8.447539327398024,transition
-0.7516698313380539,1.0533556556609018,0.4610743406382278,0.7774307162028218,8.47377392158249,transition
-0.7808019182917592,1.0356094651428251,0.40991941273409765,0.6301453262144012,8.500008515766956,transition
-0.8095190829331264,1.0170582414570792,0.49447869241272596,0.5839780826134398,8.526243109951423,transition
-0.8377990980790468,0.9977115718763584,0.5513905031741803,0.5371940780108402,8.552477704135889,transition
-0.865619954831701,0.9775796568294929,0.5354545717403791,0.6068779810474694,8.578712298320355,transition
-0.892959879477712,0.9566733050246287,0.43568698301683967,0.49060409702291136,8.60494689250482,transition
-0.9197973502810705,0.9350039281070713,0.4055504508398242,0.6373192533649625,8.631181486689286,transition
-0.946111114157015,0.9125835348540337,0.4595949017181018,0.5908167831381277,8.657416080873752,transition
-0.9718802032141166,0.8894247249088728,0.4223630585123918,0.7683872727000363,8.683650675058217,transition
-0.9970839511518618,0.8655406820577515,0.552531099379293,0.955705411126005,8.709885269242683,transition
-1.0217020095010971,0.8409451670520138,0.5153762509792682,0.5374919219880337,8.736119863427149,transition
-1.0457143636947712,0.8156525099799041,0.5344728291168654,0.7755009394159151,8.762354457611616,transition
-1.0691013489564805,0.789677602191625,0.41680308496485635,0.5802612652761777,8.788589051796082,transition
-1.091843665994455,0.7630358877820342,0.4495697739617652,0.6101582768932977,8.814823645980548,transition
-1.1139223964886642,0.7357433546356854,0.4545445268589223,0.612032087280106,8.841058240165014,transition
-1.1353190183588884,0.7078165250391992,0.5364556550493793,0.6232667753466531,8.86729283434948,transition
-1.1560154208016968,0.6792724458663217,0.5430149978118852,0.6859407671488796,8.893527428533945,transition
-1.1759939190844013,0.6501286783413539,0.393271388377406,0.4599752981185556,8.91976202271841,transition
-1.1952372690842092,0.6204032873869684,0.6065098520732479,0.744850522258746,8.945996616902876,transition
-1.2137286815609332,0.5901148305627557,0.6517123060241513,0.4314389655368315,8.972231211087342,transition
-1.2314518361517839,0.5592823466011703,0.4311245345123832,0.6507952912680539,8.99846580527181,transition
-1.2483908950769285,0.5279253435478745,0.4906812003612812,0.41707665159855734,9.024700399456275,transition
-1.2645305165446958,0.49606378651375954,0.5936072198640377,0.6641665442340686,9.050934993640741,transition
-1.279855867845457,0.46371808504630246,0.5066829675680802,0.5344766361703887,9.077169587825207,transition
-1.2943526381234387,0.43090908012815216,0.5352182329651769,0.47454949360059123,9.103404182009672,transition
-1.3080070508159143,0.39765803081118917,0.5493914907459754,0.7618480239343157,9.129638776194138,transition
-1.3208058757494245,0.36398660049458065,0.4568957185388457,0.454547124737261,9.155873370378604,transition
-1.332736440882907,0.3299168428556498,0.5365801867142214,0.3911833561154978,9.18210796456307,transition
-1.343786643687835,0.29547118744266376,0.5009473655165726,0.4660795283311253,9.208342558747535,transition
-1.3539449621557056,0.26067242493892584,0.5569744596376754,0.4997376160127952,9.234577152932001,transition
-1.363200465423457,0.22554369210782793,0.5844750412025623,0.45889449864669507,9.260811747116469,transition
-1.3715428240076455,0.19010845642880625,0.6046186543599247,0.5010242198091941,9.287046341300934,transition
-1.3789623196384793,0.15439050043435212,0.5980276315883633,0.43588436589234814,9.3132809354854,transition
-1.3854498546850567,0.11841390575857089,0.5530223579711161,0.18452739244938668,9.339515529669866,transition
-1.3909969611634454,0.08220303690794394,0.6144552412739985,0.25808374686199764,9.365750123854331,transition
-1.3955958093195096,0.04578252476524082,0.7282711256493175,0.2713597248290001,9.391984718038797,transition
-1.3992392157786837,0.009177249837744792,0.5589870519405123,0.3673269469663581,9.418219312223263,transition
-1.4019206512551818,-0.027587674738816848,0.426278681080219,0.07923932825620217,9.444453906407729,transition
-1.403634247813436,-0.06448692042902798,0.5543439911599531,0.2068638432221317,9.470688500592194,transition
-1.4043748056748593,-0.1014949607474074,0.5504732679189992,0.2309625863726891,9.496923094776662,transition
-1.4041377995633464,-0.13858608891686472,0.5219228791131086,-0.02898337280605845,9.523157688961128,transition
-1.4029193845832337,-0.17573443572380992,0.5983465180826933,0.11417065561671272,9.549392283145593,transition
-1.4007164016237852,-0.21291398755746743,0.5852445436906604,0.09999939615026816,9.575626877330059,transition
-1.3975263822845683,-0.25009860462085326,0.6374573203704447,0.016587996130701797,9.601861471514525,transition
-1.393347553316454,-0.28726203930065675,0.6755379493632077,0.005399298218334084,9.62809606569899,transition
-1.3881788405732847,-0.324377954683124,0.7969940826572367,-0.08156971446853482,9.654330659883456,transition
-1.382019872469616,-0.36141994320289095,0.6942662469679926,-0.18143637845766042,9.680565254067922,transition
-1.3748709829402845,-0.39836154541156915,0.6554923034096761,-0.08065529062273183,9.706799848252388,transition
-1.3667332138978967,-0.43517626885276267,0.5435299268695126,-0.08603377842837312,9.733034442436855,transition
-1.357608317184707,-0.4718376070300525,0.5767957589541974,-0.25610596916113737,9.75926903662132,late
-1.3474987560156935,-0.508319058454426,0.6007981415906763,-0.1590043022797032,9.785503630805787,late
-1.3364077059100283,-0.5445941457574373,0.6571986137797674,-0.3096172464512612,9.811738224990252,late
-1.3243390551084848,-0.5806364348563824,0.5624104548677451,-0.08782899790133217,9.837972819174718,late
-1.311297404474705,-0.6164195541576345,0.6975570709135428,0.0831333875014062,9.864207413359184,late
-1.2972880668786253,-0.651917213784228,0.7721658877149398,-0.35335679876421233,9.89044200754365,late
-1.2823170660607217,-0.68710322481372,0.7263641538438564,-0.13139114151727793,9.916676601728115,late
-1.2663911349761334,-0.7219515185123003,0.7808783710946249,-0.48837380301379474,9.94291119591258,late
-1.2495177136180766,-0.7564361655510792,0.6887684983130364,-0.43966052265125677,9.969145790097048,late
-1.2317049463203733,-0.7905313951904415,0.7404747350515379,-0.8030290344720985,9.995380384281514,late
-1.2129616785392596,-0.8242116144183727,0.7191333510903454,-0.5482449140604464,10.02161497846598,late
-1.1932974531150733,-0.8574514270285762,0.7597379771066015,-0.43340390543152607,10.047849572650446,late
-1.1727225060147553,-0.8902256526242784,0.7790440155469343,-0.6490006412820702,10.074084166834911,late
-1.1512477615565169,-0.9225093455335783,0.6556783457698188,-0.4961878747613803,10.100318761019377,late
-1.1288848271183924,-0.9542778136222366,0.6439030459310316,-0.5635856977733081,10.126553355203843,late
-1.1056459873327869,-0.9855066369898213,0.6729239294548828,-0.5789488038835472,10.152787949388308,late
-1.0815441977695144,-1.016171686535176,0.8032183011463555,-0.6498925822386951,10.179022543572774,late
-1.0565930781102002,-1.0462491423772204,0.7769992280519131,-0.757359700359628,10.205257137757242,late
-1.030806904817314,-1.0757155121171496,0.8114713269624255,-0.661339130104401,10.231491731941707,late
-1.0042006033014512,-1.1045476489281998,0.7016550679363073,-0.6771337092991533,10.257726326126173,late
-0.9767897395909138,-1.1327227694591786,0.7648647765198467,-0.9678207282905831,10.283960920310639,late
-0.9485905115079625,-1.1602184715381012,0.7937421683258933,-0.7715835278826167,10.310195514495105,late
-0.9196197393565252,-1.1870127516623468,0.6537673246390016,-1.0520883709735238,10.33643010867957,late
-0.8898948561265008,-1.2130840222618762,0.748263692353161,-0.7290956917508626,10.362664702864036,late
-0.8594338972201802,-1.2384111287221675,0.7970831444172338,-1.0701004984919404,10.388899297048502,late
-0.8282554897066652,-1.262973366153665,0.7961129140451811,-0.9692065261601792,10.415133891232967,late
-0.7963788411105321,-1.28675049589468,0.7405402964991159,-0.9170771583660727,10.441368485417435,late
-0.7638237277413624,-1.309722761734828,0.7787201885341141,-1.0412822006954692,10.4676030796019,late
-0.7306104825710735,-1.331870905846276,0.8378419794789478,-0.9117815947697946,10.493837673786366,late
-0.6967599826664134,-1.3531761844102057,0.8315341821546629,-1.081383491929109,10.520072267970832,late
-0.6622936361842517,-1.3736203829261184,0.849041081783804,-1.1567832010236585,10.546306862155298,late
-0.6272333689376974,-1.3931858311917886,0.8335550381178501,-1.041074550383328,10.572541456339763,late
-0.5916016105413843,-1.4118554179418688,0.80797861583549,-1.1170414281508105,10.59877605052423,late
-0.5554212801446168,-1.4296126051333653,0.8495253810974882,-1.1277895391475505,10.625010644708695,late
-0.5187157717613854,-1.4464414418664349,0.8111617865883304,-1.0066347154549142,10.65124523889316,late
-0.48150893920658666,-1.4623265779291648,0.720979123828924,-1.3231108561818496,10.677479833077628,late
-0.44382508064811954,-1.477253276955249,0.8476515184042291,-1.1343896414728492,10.703714427262094,late
-0.40568892278478,-1.4912074291837334,0.7507287134171308,-1.2013797168196687,10.72994902144656,late
-0.3671256046602796,-1.5041755638102239,0.770061807299899,-1.0076571026206795,10.756183615631025,late
-0.32816066112391223,-1.5161448609192625,0.8142929543763978,-1.1613596264128383,10.782418209815491,late
-0.2888200059487465,-1.5271031629878105,0.8965663009578408,-1.3091325944317442,10.808652803999957,late
-0.24912991461848194,-1.5370389859500888,0.8432792363255284,-1.208140252555873,10.834887398184422,late
-0.20911700679438652,-1.5459415298142978,0.991013484170347,-1.180584141059514,10.861121992368888,late
-0.16880822847400695,-1.553800688822042,0.9093380347297844,-1.174456204251974,10.887356586553354,late
-0.12823083385359416,-1.5606070611415968,0.8740495481269411,-1.2931649975010306,10.913591180737821,late
-0.08741236690646619,-1.5663519580864538,0.7528080829102833,-1.2682617449880829,10.939825774922287,late
-0.046380642689712315,-1.5710274128509187,0.924697711049412,-1.3702667840360128,10.966060369106753,late
-0.0051637283919788775,-1.5746261887548434,0.9137227245139419,-1.2050668041729165,10.992294963291219,late
0.03621007586479293,-1.5771417869899234,0.9150436079011341,-1.3170607413712754,11.018529557475684,late
0.07771225645652945,-1.5785684538603246,0.8992716236535521,-1.3739895426552393,11.04476415166015,late
0.11931410590774799,-1.5789011875107506,0.8762299542199462,-1.232536937658344,11.070998745844616,late
0.1609867427482993,-1.5781357441354158,0.9283839523455691,-1.1800975572538817,11.097233340029081,late
0.20270113156239378,-1.576268643661748,0.8496396335080707,-1.2597834237861243,11.123467934213547,late
0.24442810321599567,-1.573297174903002,0.8367434523062233,-1.141402330860884,11.149702528398013,late
0.28613837524849794,-1.56921940017435,0.977613040187972,-1.304891653710852,11.17593712258248,late
0.3278025724144098,-1.5640341593673706,0.8818707842508435,-1.2585854422557723,11.202171716766946,late
0.36939124736069345,-1.5577410734782473,0.8904936195490605,-1.0826351020337115,11.228406310951412,late
0.41087490142514627,-1.5503405475853755,0.9484328404914341,-1.2672264531203459,11.254640905135878,late
0.4522240055411916,-1.5418337732724512,1.0365184241825602,-1.0414417711685342,11.280875499320343,late
0.4934090212342568,-1.5322227304935208,1.0491129899642264,-0.9584894120605216,11.307110093504809,late
0.5344004216948304,-1.521510188876855,0.9914261319424773,-1.0614094249383217,11.333344687689275,late
0.5751687129131805,-1.5096997084649195,0.8349425604496745,-1.0866672200526604,11.35957928187374,late
0.6156844548606317,-1.4967956398881084,1.0279826338611464,-1.1462698600279406,11.385813876058206,late
0.6559182827022153,-1.4828031239703143,1.0551572320444873,-0.9498759131157649,11.412048470242674,late
0.6958409280254257,-1.4677280907648278,0.964577983640924,-0.9855234684034505,11.43828306442714,late
0.7354232400698104,-1.4515772580194364,1.0069125612801266,-1.1422842970445397,11.464517658611605,late
0.7746362069419813,-1.4343581290700516,0.9047100018660241,-1.095628999348902,11.49075225279607,late
0.8134509768006939,-1.416078990162567,0.9300927364868307,-0.8929675969790398,11.516986846980537,late
0.8518388789965605,-1.3967489072030834,0.9692893573110178,-0.9699203998290038,11.543221441165002,late
0.8897714451509655,-1.3763777219370472,0.9782203950436407,-0.693823953127694,11.569456035349468,late
0.927220430158754,-1.3549760475582742,0.9801798209288535,-0.8921297618531059,11.595690629533934,late
0.9641578330992617,-1.3325552637492306,1.011514537206296,-0.9453175164671495,11.6219252237184,late
1.0005559180402899,-1.3091275111543799,0.9838015587777378,-0.6719657703644137,11.648159817902867,late
1.036387234719634,-1.284705685288816,1.08065391318971,-0.7445298685127907,11.674394412087333,late
1.071624639088877,-1.2593034298847923,0.904045897334935,-0.8001844649637948,11.700629006271798,late
1.106241313704117,-1.2329351296792357,1.0877500175199457,-0.7518261044646449,11.726863600456264,late
1.140210787948462,-1.205615902645678,1.0761181728533928,-0.7669384284958841,11.75309819464073,late
1.1735069580711401,-1.1773615916744995,1.0166249168707862,-0.7226298870363549,11.779332788825196,late
1.2061041070281844,-1.1481887557057715,1.0045134223325276,-0.6963921334992523,11.805567383009661,late
1.2379769241097467,-1.1181146603194,1.066879646261405,-0.4927807347710126,11.831801977194127,late
1.2691005243392042,-1.08715726778768,1.0003626922030657,-0.683832462076115,11.858036571378593,late
1.29945046762935,-1.0553352265957694,1.070894670271203,-0.5589692610077605,11.88427116556306,late
1.3290027776810724,-1.022667860436018,1.0515729405137881,-0.6723261345833271,11.910505759747526,late
1.3577339606101169,-0.989175156682429,0.9914718835609352,-0.26778876893142545,11.936740353931992,late
1.3856210232876092,-0.9548777543520106,1.1377714202348894,-0.4353096783541269,11.962974948116457,late
1.4126414913802525,-0.9197969315600908,1.1010763688961445,-0.650749675459146,11.989209542300923,late
1.4387734270762442,-0.883954592477096,1.0742133548342154,-0.6293057304594322,12.015444136485389,late
1.4639954464831646,-0.8473732537946674,1.1682033615721228,-0.4750490823814378,12.041678730669855,late
1.4882867366842754,-0.810076030709371,1.152207187415118,-0.11353575954246847,12.06791332485432,late
1.511627072439886,-0.7720866224326258,1.0589555513743167,-0.28726591912234467,12.094147919038786,late
1.5339968325206532,-0.7334292972358468,1.08391201030107,-0.33486842180079723,12.120382513223253,late
1.5553770156599076,-0.6941288770401753,1.0919814839970796,-0.10594064619120791,12.14661710740772,late
1.575749256112359,-0.6542107215604752,1.1180879585259402,-0.10013303026938454,12.172851701592185,late
1.595095838806743,-0.6137007120137157,1.1416750717812927,-0.22153189685448593,12.19908629577665,late
1.6133997140802696,-0.5726252344021148,1.1162283019786123,-0.1184844739538368,12.225320889961116,late
1.630644511982971,-0.5310111623818083,1.1067656170346272,-0.21699813550116376,12.251555484145582,late
1.646814556140344,-0.48888583972812694,1.0208577426603294,-0.24013821224166662,12.277790078330048,late
1.6618948771629531,-0.446277062408886,1.0881338695247667,-0.1580368441797353,12.304024672514513,late
1.6758712255919654,-0.4032130602774134,1.0863611446023622,0.16774916165736062,12.33025926669898,late
1.6887300843698887,-0.3597224783973451,1.1057900207821345,-0.09786629171124189,12.356493860883447,late
1.700458680826091,-0.3158343580115398,1.0766617066331121,0.20410660483276538,12.382728455067912,late
1.7110449981670195,-0.27157811716769653,1.100875013868835,-0.16553720005596603,12.408963049252378,late
1.7204777864613379,-0.22698353101364674,1.0622465362983124,-0.09313817281376566,12.435197643436844,late
1.7287465731105622,-0.18208071177546453,1.1344159967522878,0.28500787184261933,12.46143223762131,late
1.7358416727961132,-0.1369000884318697,1.065411227777385,0.133406889301287,12.487666831805775,late
1.7417541968940449,-0.09147238609863403,1.238689388892692,0.15184581802633862,12.513901425990241,late
1.7464760623490883,-0.04582860513695515,1.1235694320786442,0.4496770265202913,12.540136020174707,late
1.75,-8.572527594031472e-16,1.2355531140970941,0.3207297250659758,12.566370614359172,late
